company,observation_id,metric,component,value,unit,period,boundary,geography,source_url,source_locator,evidence_status,assurance,caveat,full_record_file
microsoft,MSFT-01,Scope 1 and HFC component,scope1,170887,tCO2e,FY25: 2024-07-01 to 2025-06-30,"Global operational control, including wholly/partially owned controlled subsidiaries, owned and leased real estate/datacenters; includes relevant Activision Blizzard King activity.",Global,https://cdn-dynmedia-1.microsoft.com/is/content/microsoftcorp/microsoft/msc/documents/presentations/CSR/2026-Microsoft-Environmental-Data-Fact-Sheet-PDF.pdf#page=3,Table 1A; HFC component Table 2 p4,"Company-reported inventory; includes measurement and company estimation, not researcher-modeled reduction","Deloitte limited assurance review of FY25 Section 1 specified information; report dated July 9, 2026, p23. Not reasonable assurance; estimates retain inherent uncertainty.","HFC is contained in Scope 1, not additive. Includes backup/site fuel, owned transport and executive air travel, refrigerants and SF6.",microsoft-footprint.json
microsoft,MSFT-01,Scope 1 and HFC component,HFC_component,70131,tCO2e,FY25: 2024-07-01 to 2025-06-30,"Global operational control, including wholly/partially owned controlled subsidiaries, owned and leased real estate/datacenters; includes relevant Activision Blizzard King activity.",Global,https://cdn-dynmedia-1.microsoft.com/is/content/microsoftcorp/microsoft/msc/documents/presentations/CSR/2026-Microsoft-Environmental-Data-Fact-Sheet-PDF.pdf#page=3,Table 1A; HFC component Table 2 p4,"Company-reported inventory; includes measurement and company estimation, not researcher-modeled reduction","Deloitte limited assurance review of FY25 Section 1 specified information; report dated July 9, 2026, p23. Not reasonable assurance; estimates retain inherent uncertainty.","HFC is contained in Scope 1, not additive. Includes backup/site fuel, owned transport and executive air travel, refrigerants and SF6.",microsoft-footprint.json
microsoft,MSFT-02,Scope 2 location-based,,12030556,tCO2e,FY25: 2024-07-01 to 2025-06-30,"Global operational control, including wholly/partially owned controlled subsidiaries, owned and leased real estate/datacenters; includes relevant Activision Blizzard King activity.",Global,https://cdn-dynmedia-1.microsoft.com/is/content/microsoftcorp/microsoft/msc/documents/presentations/CSR/2026-Microsoft-Environmental-Data-Fact-Sheet-PDF.pdf#page=3,Table 1A,"Company-reported inventory; includes measurement and company estimation, not researcher-modeled reduction","Deloitte limited assurance review of FY25 Section 1 specified information; report dated July 9, 2026, p23. Not reasonable assurance; estimates retain inherent uncertainty.","Grid-average accounting; not marginal emissions or a measured causal damage estimate. Alternative to market-based Scope 2, never add both.",microsoft-footprint.json
microsoft,MSFT-03,Scope 2 market-based,,2707428,tCO2e,FY25: 2024-07-01 to 2025-06-30,"Global operational control, including wholly/partially owned controlled subsidiaries, owned and leased real estate/datacenters; includes relevant Activision Blizzard King activity.",Global,https://cdn-dynmedia-1.microsoft.com/is/content/microsoftcorp/microsoft/msc/documents/presentations/CSR/2026-Microsoft-Environmental-Data-Fact-Sheet-PDF.pdf#page=3,Table 1A,"Company-reported inventory; includes measurement and company estimation, not researcher-modeled reduction","Deloitte limited assurance review of FY25 Section 1 specified information; report dated July 9, 2026, p23. Not reasonable assurance; estimates retain inherent uncertainty.","Spot unbundled EAC purchases discontinued February 2025 and impact excluded in FY25. Increase over FY24 is partly accounting/procurement change, not solely energy growth.",microsoft-footprint.json
microsoft,MSFT-04,Scope 3 GHGP category inventory,total,18243000,tCO2e,FY25: 2024-07-01 to 2025-06-30,"Global operational control, including wholly/partially owned controlled subsidiaries, owned and leased real estate/datacenters; includes relevant Activision Blizzard King activity.",Global,https://cdn-dynmedia-1.microsoft.com/is/content/microsoftcorp/microsoft/msc/documents/presentations/CSR/2026-Microsoft-Environmental-Data-Fact-Sheet-PDF.pdf#page=3,Table 1A; methodology pp12–17,"Company-reported inventory; includes measurement and company estimation, not researcher-modeled reduction","Deloitte limited assurance review of FY25 Section 1 specified information; report dated July 9, 2026, p23. Not reasonable assurance; estimates retain inherent uncertainty.","Nearest 1,000 tonnes. Category 8 included in Scope1/2; 10/14/15 considered not relevant. Categories 1/2 include LCA and supplier/spend estimates. Cat11 is lifetime use of products sold in year, not necessarily one year of operation. Rounded components sum to reported total.",microsoft-footprint.json
microsoft,MSFT-04,Scope 3 GHGP category inventory,categories.1_purchased_goods_services,5129000,tCO2e,FY25: 2024-07-01 to 2025-06-30,"Global operational control, including wholly/partially owned controlled subsidiaries, owned and leased real estate/datacenters; includes relevant Activision Blizzard King activity.",Global,https://cdn-dynmedia-1.microsoft.com/is/content/microsoftcorp/microsoft/msc/documents/presentations/CSR/2026-Microsoft-Environmental-Data-Fact-Sheet-PDF.pdf#page=3,Table 1A; methodology pp12–17,"Company-reported inventory; includes measurement and company estimation, not researcher-modeled reduction","Deloitte limited assurance review of FY25 Section 1 specified information; report dated July 9, 2026, p23. Not reasonable assurance; estimates retain inherent uncertainty.","Nearest 1,000 tonnes. Category 8 included in Scope1/2; 10/14/15 considered not relevant. Categories 1/2 include LCA and supplier/spend estimates. Cat11 is lifetime use of products sold in year, not necessarily one year of operation. Rounded components sum to reported total.",microsoft-footprint.json
microsoft,MSFT-04,Scope 3 GHGP category inventory,categories.2_capital_goods,9044000,tCO2e,FY25: 2024-07-01 to 2025-06-30,"Global operational control, including wholly/partially owned controlled subsidiaries, owned and leased real estate/datacenters; includes relevant Activision Blizzard King activity.",Global,https://cdn-dynmedia-1.microsoft.com/is/content/microsoftcorp/microsoft/msc/documents/presentations/CSR/2026-Microsoft-Environmental-Data-Fact-Sheet-PDF.pdf#page=3,Table 1A; methodology pp12–17,"Company-reported inventory; includes measurement and company estimation, not researcher-modeled reduction","Deloitte limited assurance review of FY25 Section 1 specified information; report dated July 9, 2026, p23. Not reasonable assurance; estimates retain inherent uncertainty.","Nearest 1,000 tonnes. Category 8 included in Scope1/2; 10/14/15 considered not relevant. Categories 1/2 include LCA and supplier/spend estimates. Cat11 is lifetime use of products sold in year, not necessarily one year of operation. Rounded components sum to reported total.",microsoft-footprint.json
microsoft,MSFT-04,Scope 3 GHGP category inventory,categories.3_fuel_energy_related,1075000,tCO2e,FY25: 2024-07-01 to 2025-06-30,"Global operational control, including wholly/partially owned controlled subsidiaries, owned and leased real estate/datacenters; includes relevant Activision Blizzard King activity.",Global,https://cdn-dynmedia-1.microsoft.com/is/content/microsoftcorp/microsoft/msc/documents/presentations/CSR/2026-Microsoft-Environmental-Data-Fact-Sheet-PDF.pdf#page=3,Table 1A; methodology pp12–17,"Company-reported inventory; includes measurement and company estimation, not researcher-modeled reduction","Deloitte limited assurance review of FY25 Section 1 specified information; report dated July 9, 2026, p23. Not reasonable assurance; estimates retain inherent uncertainty.","Nearest 1,000 tonnes. Category 8 included in Scope1/2; 10/14/15 considered not relevant. Categories 1/2 include LCA and supplier/spend estimates. Cat11 is lifetime use of products sold in year, not necessarily one year of operation. Rounded components sum to reported total.",microsoft-footprint.json
microsoft,MSFT-04,Scope 3 GHGP category inventory,categories.4_upstream_transport_distribution,823000,tCO2e,FY25: 2024-07-01 to 2025-06-30,"Global operational control, including wholly/partially owned controlled subsidiaries, owned and leased real estate/datacenters; includes relevant Activision Blizzard King activity.",Global,https://cdn-dynmedia-1.microsoft.com/is/content/microsoftcorp/microsoft/msc/documents/presentations/CSR/2026-Microsoft-Environmental-Data-Fact-Sheet-PDF.pdf#page=3,Table 1A; methodology pp12–17,"Company-reported inventory; includes measurement and company estimation, not researcher-modeled reduction","Deloitte limited assurance review of FY25 Section 1 specified information; report dated July 9, 2026, p23. Not reasonable assurance; estimates retain inherent uncertainty.","Nearest 1,000 tonnes. Category 8 included in Scope1/2; 10/14/15 considered not relevant. Categories 1/2 include LCA and supplier/spend estimates. Cat11 is lifetime use of products sold in year, not necessarily one year of operation. Rounded components sum to reported total.",microsoft-footprint.json
microsoft,MSFT-04,Scope 3 GHGP category inventory,categories.5_operational_waste,14000,tCO2e,FY25: 2024-07-01 to 2025-06-30,"Global operational control, including wholly/partially owned controlled subsidiaries, owned and leased real estate/datacenters; includes relevant Activision Blizzard King activity.",Global,https://cdn-dynmedia-1.microsoft.com/is/content/microsoftcorp/microsoft/msc/documents/presentations/CSR/2026-Microsoft-Environmental-Data-Fact-Sheet-PDF.pdf#page=3,Table 1A; methodology pp12–17,"Company-reported inventory; includes measurement and company estimation, not researcher-modeled reduction","Deloitte limited assurance review of FY25 Section 1 specified information; report dated July 9, 2026, p23. Not reasonable assurance; estimates retain inherent uncertainty.","Nearest 1,000 tonnes. Category 8 included in Scope1/2; 10/14/15 considered not relevant. Categories 1/2 include LCA and supplier/spend estimates. Cat11 is lifetime use of products sold in year, not necessarily one year of operation. Rounded components sum to reported total.",microsoft-footprint.json
microsoft,MSFT-04,Scope 3 GHGP category inventory,categories.6_business_travel,239000,tCO2e,FY25: 2024-07-01 to 2025-06-30,"Global operational control, including wholly/partially owned controlled subsidiaries, owned and leased real estate/datacenters; includes relevant Activision Blizzard King activity.",Global,https://cdn-dynmedia-1.microsoft.com/is/content/microsoftcorp/microsoft/msc/documents/presentations/CSR/2026-Microsoft-Environmental-Data-Fact-Sheet-PDF.pdf#page=3,Table 1A; methodology pp12–17,"Company-reported inventory; includes measurement and company estimation, not researcher-modeled reduction","Deloitte limited assurance review of FY25 Section 1 specified information; report dated July 9, 2026, p23. Not reasonable assurance; estimates retain inherent uncertainty.","Nearest 1,000 tonnes. Category 8 included in Scope1/2; 10/14/15 considered not relevant. Categories 1/2 include LCA and supplier/spend estimates. Cat11 is lifetime use of products sold in year, not necessarily one year of operation. Rounded components sum to reported total.",microsoft-footprint.json
microsoft,MSFT-04,Scope 3 GHGP category inventory,categories.7_employee_commuting,284000,tCO2e,FY25: 2024-07-01 to 2025-06-30,"Global operational control, including wholly/partially owned controlled subsidiaries, owned and leased real estate/datacenters; includes relevant Activision Blizzard King activity.",Global,https://cdn-dynmedia-1.microsoft.com/is/content/microsoftcorp/microsoft/msc/documents/presentations/CSR/2026-Microsoft-Environmental-Data-Fact-Sheet-PDF.pdf#page=3,Table 1A; methodology pp12–17,"Company-reported inventory; includes measurement and company estimation, not researcher-modeled reduction","Deloitte limited assurance review of FY25 Section 1 specified information; report dated July 9, 2026, p23. Not reasonable assurance; estimates retain inherent uncertainty.","Nearest 1,000 tonnes. Category 8 included in Scope1/2; 10/14/15 considered not relevant. Categories 1/2 include LCA and supplier/spend estimates. Cat11 is lifetime use of products sold in year, not necessarily one year of operation. Rounded components sum to reported total.",microsoft-footprint.json
microsoft,MSFT-04,Scope 3 GHGP category inventory,categories.9_downstream_transport_distribution,86000,tCO2e,FY25: 2024-07-01 to 2025-06-30,"Global operational control, including wholly/partially owned controlled subsidiaries, owned and leased real estate/datacenters; includes relevant Activision Blizzard King activity.",Global,https://cdn-dynmedia-1.microsoft.com/is/content/microsoftcorp/microsoft/msc/documents/presentations/CSR/2026-Microsoft-Environmental-Data-Fact-Sheet-PDF.pdf#page=3,Table 1A; methodology pp12–17,"Company-reported inventory; includes measurement and company estimation, not researcher-modeled reduction","Deloitte limited assurance review of FY25 Section 1 specified information; report dated July 9, 2026, p23. Not reasonable assurance; estimates retain inherent uncertainty.","Nearest 1,000 tonnes. Category 8 included in Scope1/2; 10/14/15 considered not relevant. Categories 1/2 include LCA and supplier/spend estimates. Cat11 is lifetime use of products sold in year, not necessarily one year of operation. Rounded components sum to reported total.",microsoft-footprint.json
microsoft,MSFT-04,Scope 3 GHGP category inventory,categories.11_use_sold_products,1540000,tCO2e,FY25: 2024-07-01 to 2025-06-30,"Global operational control, including wholly/partially owned controlled subsidiaries, owned and leased real estate/datacenters; includes relevant Activision Blizzard King activity.",Global,https://cdn-dynmedia-1.microsoft.com/is/content/microsoftcorp/microsoft/msc/documents/presentations/CSR/2026-Microsoft-Environmental-Data-Fact-Sheet-PDF.pdf#page=3,Table 1A; methodology pp12–17,"Company-reported inventory; includes measurement and company estimation, not researcher-modeled reduction","Deloitte limited assurance review of FY25 Section 1 specified information; report dated July 9, 2026, p23. Not reasonable assurance; estimates retain inherent uncertainty.","Nearest 1,000 tonnes. Category 8 included in Scope1/2; 10/14/15 considered not relevant. Categories 1/2 include LCA and supplier/spend estimates. Cat11 is lifetime use of products sold in year, not necessarily one year of operation. Rounded components sum to reported total.",microsoft-footprint.json
microsoft,MSFT-04,Scope 3 GHGP category inventory,categories.12_end_of_life_sold_products,3000,tCO2e,FY25: 2024-07-01 to 2025-06-30,"Global operational control, including wholly/partially owned controlled subsidiaries, owned and leased real estate/datacenters; includes relevant Activision Blizzard King activity.",Global,https://cdn-dynmedia-1.microsoft.com/is/content/microsoftcorp/microsoft/msc/documents/presentations/CSR/2026-Microsoft-Environmental-Data-Fact-Sheet-PDF.pdf#page=3,Table 1A; methodology pp12–17,"Company-reported inventory; includes measurement and company estimation, not researcher-modeled reduction","Deloitte limited assurance review of FY25 Section 1 specified information; report dated July 9, 2026, p23. Not reasonable assurance; estimates retain inherent uncertainty.","Nearest 1,000 tonnes. Category 8 included in Scope1/2; 10/14/15 considered not relevant. Categories 1/2 include LCA and supplier/spend estimates. Cat11 is lifetime use of products sold in year, not necessarily one year of operation. Rounded components sum to reported total.",microsoft-footprint.json
microsoft,MSFT-04,Scope 3 GHGP category inventory,categories.13_downstream_leased_assets,6000,tCO2e,FY25: 2024-07-01 to 2025-06-30,"Global operational control, including wholly/partially owned controlled subsidiaries, owned and leased real estate/datacenters; includes relevant Activision Blizzard King activity.",Global,https://cdn-dynmedia-1.microsoft.com/is/content/microsoftcorp/microsoft/msc/documents/presentations/CSR/2026-Microsoft-Environmental-Data-Fact-Sheet-PDF.pdf#page=3,Table 1A; methodology pp12–17,"Company-reported inventory; includes measurement and company estimation, not researcher-modeled reduction","Deloitte limited assurance review of FY25 Section 1 specified information; report dated July 9, 2026, p23. Not reasonable assurance; estimates retain inherent uncertainty.","Nearest 1,000 tonnes. Category 8 included in Scope1/2; 10/14/15 considered not relevant. Categories 1/2 include LCA and supplier/spend estimates. Cat11 is lifetime use of products sold in year, not necessarily one year of operation. Rounded components sum to reported total.",microsoft-footprint.json
microsoft,MSFT-05,Alternative reported totals,GHGP_scope1_2MB_3,21121000,tCO2e,FY25: 2024-07-01 to 2025-06-30,"Global operational control, including wholly/partially owned controlled subsidiaries, owned and leased real estate/datacenters; includes relevant Activision Blizzard King activity.",Global,https://cdn-dynmedia-1.microsoft.com/is/content/microsoftcorp/microsoft/msc/documents/presentations/CSR/2026-Microsoft-Environmental-Data-Fact-Sheet-PDF.pdf#page=4,Tables 1A p3 and 1B p4,"Company-reported inventory; includes measurement and company estimation, not researcher-modeled reduction","Deloitte limited assurance review of FY25 Section 1 specified information; report dated July 9, 2026, p23. Not reasonable assurance; estimates retain inherent uncertainty.","Use GHGP table1A as primary baseline. Management criteria have distinct treatment for fuel certificates, aviation effects and downstream renewable electricity. Difference 831,000 tonnes is not an additional physical reduction opportunity. Cat6 gross under management criteria is 276,000, versus GHGP 239,000; do not treat every difference as a certificate subtraction. Crucially p16: management Category11 uses all active Surface/Xbox devices during FY25 (annual telemetry and extrapolation), while GHGP Category11 estimates lifetime use of devices sold in FY25. Third-party devices running Microsoft software are excluded in both. Thus totals differ in service cohort/time boundary, not just renewable procurement.",microsoft-footprint.json
microsoft,MSFT-05,Alternative reported totals,management_criteria_scope1_2MB_3,20290000,tCO2e,FY25: 2024-07-01 to 2025-06-30,"Global operational control, including wholly/partially owned controlled subsidiaries, owned and leased real estate/datacenters; includes relevant Activision Blizzard King activity.",Global,https://cdn-dynmedia-1.microsoft.com/is/content/microsoftcorp/microsoft/msc/documents/presentations/CSR/2026-Microsoft-Environmental-Data-Fact-Sheet-PDF.pdf#page=4,Tables 1A p3 and 1B p4,"Company-reported inventory; includes measurement and company estimation, not researcher-modeled reduction","Deloitte limited assurance review of FY25 Section 1 specified information; report dated July 9, 2026, p23. Not reasonable assurance; estimates retain inherent uncertainty.","Use GHGP table1A as primary baseline. Management criteria have distinct treatment for fuel certificates, aviation effects and downstream renewable electricity. Difference 831,000 tonnes is not an additional physical reduction opportunity. Cat6 gross under management criteria is 276,000, versus GHGP 239,000; do not treat every difference as a certificate subtraction. Crucially p16: management Category11 uses all active Surface/Xbox devices during FY25 (annual telemetry and extrapolation), while GHGP Category11 estimates lifetime use of devices sold in FY25. Third-party devices running Microsoft software are excluded in both. Thus totals differ in service cohort/time boundary, not just renewable procurement.",microsoft-footprint.json
microsoft,MSFT-05,Alternative reported totals,management_scope3,17412000,tCO2e,FY25: 2024-07-01 to 2025-06-30,"Global operational control, including wholly/partially owned controlled subsidiaries, owned and leased real estate/datacenters; includes relevant Activision Blizzard King activity.",Global,https://cdn-dynmedia-1.microsoft.com/is/content/microsoftcorp/microsoft/msc/documents/presentations/CSR/2026-Microsoft-Environmental-Data-Fact-Sheet-PDF.pdf#page=4,Tables 1A p3 and 1B p4,"Company-reported inventory; includes measurement and company estimation, not researcher-modeled reduction","Deloitte limited assurance review of FY25 Section 1 specified information; report dated July 9, 2026, p23. Not reasonable assurance; estimates retain inherent uncertainty.","Use GHGP table1A as primary baseline. Management criteria have distinct treatment for fuel certificates, aviation effects and downstream renewable electricity. Difference 831,000 tonnes is not an additional physical reduction opportunity. Cat6 gross under management criteria is 276,000, versus GHGP 239,000; do not treat every difference as a certificate subtraction. Crucially p16: management Category11 uses all active Surface/Xbox devices during FY25 (annual telemetry and extrapolation), while GHGP Category11 estimates lifetime use of devices sold in FY25. Third-party devices running Microsoft software are excluded in both. Thus totals differ in service cohort/time boundary, not just renewable procurement.",microsoft-footprint.json
microsoft,MSFT-05,Alternative reported totals,management_cat4,743000,tCO2e,FY25: 2024-07-01 to 2025-06-30,"Global operational control, including wholly/partially owned controlled subsidiaries, owned and leased real estate/datacenters; includes relevant Activision Blizzard King activity.",Global,https://cdn-dynmedia-1.microsoft.com/is/content/microsoftcorp/microsoft/msc/documents/presentations/CSR/2026-Microsoft-Environmental-Data-Fact-Sheet-PDF.pdf#page=4,Tables 1A p3 and 1B p4,"Company-reported inventory; includes measurement and company estimation, not researcher-modeled reduction","Deloitte limited assurance review of FY25 Section 1 specified information; report dated July 9, 2026, p23. Not reasonable assurance; estimates retain inherent uncertainty.","Use GHGP table1A as primary baseline. Management criteria have distinct treatment for fuel certificates, aviation effects and downstream renewable electricity. Difference 831,000 tonnes is not an additional physical reduction opportunity. Cat6 gross under management criteria is 276,000, versus GHGP 239,000; do not treat every difference as a certificate subtraction. Crucially p16: management Category11 uses all active Surface/Xbox devices during FY25 (annual telemetry and extrapolation), while GHGP Category11 estimates lifetime use of devices sold in FY25. Third-party devices running Microsoft software are excluded in both. Thus totals differ in service cohort/time boundary, not just renewable procurement.",microsoft-footprint.json
microsoft,MSFT-05,Alternative reported totals,management_cat6,202000,tCO2e,FY25: 2024-07-01 to 2025-06-30,"Global operational control, including wholly/partially owned controlled subsidiaries, owned and leased real estate/datacenters; includes relevant Activision Blizzard King activity.",Global,https://cdn-dynmedia-1.microsoft.com/is/content/microsoftcorp/microsoft/msc/documents/presentations/CSR/2026-Microsoft-Environmental-Data-Fact-Sheet-PDF.pdf#page=4,Tables 1A p3 and 1B p4,"Company-reported inventory; includes measurement and company estimation, not researcher-modeled reduction","Deloitte limited assurance review of FY25 Section 1 specified information; report dated July 9, 2026, p23. Not reasonable assurance; estimates retain inherent uncertainty.","Use GHGP table1A as primary baseline. Management criteria have distinct treatment for fuel certificates, aviation effects and downstream renewable electricity. Difference 831,000 tonnes is not an additional physical reduction opportunity. Cat6 gross under management criteria is 276,000, versus GHGP 239,000; do not treat every difference as a certificate subtraction. Crucially p16: management Category11 uses all active Surface/Xbox devices during FY25 (annual telemetry and extrapolation), while GHGP Category11 estimates lifetime use of devices sold in FY25. Third-party devices running Microsoft software are excluded in both. Thus totals differ in service cohort/time boundary, not just renewable procurement.",microsoft-footprint.json
microsoft,MSFT-05,Alternative reported totals,management_cat11,826000,tCO2e,FY25: 2024-07-01 to 2025-06-30,"Global operational control, including wholly/partially owned controlled subsidiaries, owned and leased real estate/datacenters; includes relevant Activision Blizzard King activity.",Global,https://cdn-dynmedia-1.microsoft.com/is/content/microsoftcorp/microsoft/msc/documents/presentations/CSR/2026-Microsoft-Environmental-Data-Fact-Sheet-PDF.pdf#page=4,Tables 1A p3 and 1B p4,"Company-reported inventory; includes measurement and company estimation, not researcher-modeled reduction","Deloitte limited assurance review of FY25 Section 1 specified information; report dated July 9, 2026, p23. Not reasonable assurance; estimates retain inherent uncertainty.","Use GHGP table1A as primary baseline. Management criteria have distinct treatment for fuel certificates, aviation effects and downstream renewable electricity. Difference 831,000 tonnes is not an additional physical reduction opportunity. Cat6 gross under management criteria is 276,000, versus GHGP 239,000; do not treat every difference as a certificate subtraction. Crucially p16: management Category11 uses all active Surface/Xbox devices during FY25 (annual telemetry and extrapolation), while GHGP Category11 estimates lifetime use of devices sold in FY25. Third-party devices running Microsoft software are excluded in both. Thus totals differ in service cohort/time boundary, not just renewable procurement.",microsoft-footprint.json
microsoft,MSFT-06,Energy consumption,total,37461476,MWh,FY25: 2024-07-01 to 2025-06-30,"Global operational control, including wholly/partially owned controlled subsidiaries, owned and leased real estate/datacenters; includes relevant Activision Blizzard King activity.",Global,https://cdn-dynmedia-1.microsoft.com/is/content/microsoftcorp/microsoft/msc/documents/presentations/CSR/2026-Microsoft-Environmental-Data-Fact-Sheet-PDF.pdf#page=6,Table 5,"Company-reported inventory; includes measurement and company estimation, not researcher-modeled reduction","Deloitte limited assurance review of FY25 Section 1 specified information; report dated July 9, 2026, p23. Not reasonable assurance; estimates retain inherent uncertainty.",Total = fuels + electricity + chilled water + steam. Subcategories overlap parent totals. Renewable matching excludes grid renewable share and differs from 100% direct renewable target metric. Annual matching is not hourly zero-carbon electricity.,microsoft-footprint.json
microsoft,MSFT-06,Energy consumption,electricity,37026353,MWh,FY25: 2024-07-01 to 2025-06-30,"Global operational control, including wholly/partially owned controlled subsidiaries, owned and leased real estate/datacenters; includes relevant Activision Blizzard King activity.",Global,https://cdn-dynmedia-1.microsoft.com/is/content/microsoftcorp/microsoft/msc/documents/presentations/CSR/2026-Microsoft-Environmental-Data-Fact-Sheet-PDF.pdf#page=6,Table 5,"Company-reported inventory; includes measurement and company estimation, not researcher-modeled reduction","Deloitte limited assurance review of FY25 Section 1 specified information; report dated July 9, 2026, p23. Not reasonable assurance; estimates retain inherent uncertainty.",Total = fuels + electricity + chilled water + steam. Subcategories overlap parent totals. Renewable matching excludes grid renewable share and differs from 100% direct renewable target metric. Annual matching is not hourly zero-carbon electricity.,microsoft-footprint.json
microsoft,MSFT-06,Energy consumption,nonrenewable_fuel,422103,MWh,FY25: 2024-07-01 to 2025-06-30,"Global operational control, including wholly/partially owned controlled subsidiaries, owned and leased real estate/datacenters; includes relevant Activision Blizzard King activity.",Global,https://cdn-dynmedia-1.microsoft.com/is/content/microsoftcorp/microsoft/msc/documents/presentations/CSR/2026-Microsoft-Environmental-Data-Fact-Sheet-PDF.pdf#page=6,Table 5,"Company-reported inventory; includes measurement and company estimation, not researcher-modeled reduction","Deloitte limited assurance review of FY25 Section 1 specified information; report dated July 9, 2026, p23. Not reasonable assurance; estimates retain inherent uncertainty.",Total = fuels + electricity + chilled water + steam. Subcategories overlap parent totals. Renewable matching excludes grid renewable share and differs from 100% direct renewable target metric. Annual matching is not hourly zero-carbon electricity.,microsoft-footprint.json
microsoft,MSFT-06,Energy consumption,natural_gas,73445,MWh,FY25: 2024-07-01 to 2025-06-30,"Global operational control, including wholly/partially owned controlled subsidiaries, owned and leased real estate/datacenters; includes relevant Activision Blizzard King activity.",Global,https://cdn-dynmedia-1.microsoft.com/is/content/microsoftcorp/microsoft/msc/documents/presentations/CSR/2026-Microsoft-Environmental-Data-Fact-Sheet-PDF.pdf#page=6,Table 5,"Company-reported inventory; includes measurement and company estimation, not researcher-modeled reduction","Deloitte limited assurance review of FY25 Section 1 specified information; report dated July 9, 2026, p23. Not reasonable assurance; estimates retain inherent uncertainty.",Total = fuels + electricity + chilled water + steam. Subcategories overlap parent totals. Renewable matching excludes grid renewable share and differs from 100% direct renewable target metric. Annual matching is not hourly zero-carbon electricity.,microsoft-footprint.json
microsoft,MSFT-06,Energy consumption,diesel,253236,MWh,FY25: 2024-07-01 to 2025-06-30,"Global operational control, including wholly/partially owned controlled subsidiaries, owned and leased real estate/datacenters; includes relevant Activision Blizzard King activity.",Global,https://cdn-dynmedia-1.microsoft.com/is/content/microsoftcorp/microsoft/msc/documents/presentations/CSR/2026-Microsoft-Environmental-Data-Fact-Sheet-PDF.pdf#page=6,Table 5,"Company-reported inventory; includes measurement and company estimation, not researcher-modeled reduction","Deloitte limited assurance review of FY25 Section 1 specified information; report dated July 9, 2026, p23. Not reasonable assurance; estimates retain inherent uncertainty.",Total = fuels + electricity + chilled water + steam. Subcategories overlap parent totals. Renewable matching excludes grid renewable share and differs from 100% direct renewable target metric. Annual matching is not hourly zero-carbon electricity.,microsoft-footprint.json
microsoft,MSFT-06,Energy consumption,LPG_propane_jet_fuel,59970,MWh,FY25: 2024-07-01 to 2025-06-30,"Global operational control, including wholly/partially owned controlled subsidiaries, owned and leased real estate/datacenters; includes relevant Activision Blizzard King activity.",Global,https://cdn-dynmedia-1.microsoft.com/is/content/microsoftcorp/microsoft/msc/documents/presentations/CSR/2026-Microsoft-Environmental-Data-Fact-Sheet-PDF.pdf#page=6,Table 5,"Company-reported inventory; includes measurement and company estimation, not researcher-modeled reduction","Deloitte limited assurance review of FY25 Section 1 specified information; report dated July 9, 2026, p23. Not reasonable assurance; estimates retain inherent uncertainty.",Total = fuels + electricity + chilled water + steam. Subcategories overlap parent totals. Renewable matching excludes grid renewable share and differs from 100% direct renewable target metric. Annual matching is not hourly zero-carbon electricity.,microsoft-footprint.json
microsoft,MSFT-06,Energy consumption,gasoline,35452,MWh,FY25: 2024-07-01 to 2025-06-30,"Global operational control, including wholly/partially owned controlled subsidiaries, owned and leased real estate/datacenters; includes relevant Activision Blizzard King activity.",Global,https://cdn-dynmedia-1.microsoft.com/is/content/microsoftcorp/microsoft/msc/documents/presentations/CSR/2026-Microsoft-Environmental-Data-Fact-Sheet-PDF.pdf#page=6,Table 5,"Company-reported inventory; includes measurement and company estimation, not researcher-modeled reduction","Deloitte limited assurance review of FY25 Section 1 specified information; report dated July 9, 2026, p23. Not reasonable assurance; estimates retain inherent uncertainty.",Total = fuels + electricity + chilled water + steam. Subcategories overlap parent totals. Renewable matching excludes grid renewable share and differs from 100% direct renewable target metric. Annual matching is not hourly zero-carbon electricity.,microsoft-footprint.json
microsoft,MSFT-06,Energy consumption,chilled_water,2313,MWh,FY25: 2024-07-01 to 2025-06-30,"Global operational control, including wholly/partially owned controlled subsidiaries, owned and leased real estate/datacenters; includes relevant Activision Blizzard King activity.",Global,https://cdn-dynmedia-1.microsoft.com/is/content/microsoftcorp/microsoft/msc/documents/presentations/CSR/2026-Microsoft-Environmental-Data-Fact-Sheet-PDF.pdf#page=6,Table 5,"Company-reported inventory; includes measurement and company estimation, not researcher-modeled reduction","Deloitte limited assurance review of FY25 Section 1 specified information; report dated July 9, 2026, p23. Not reasonable assurance; estimates retain inherent uncertainty.",Total = fuels + electricity + chilled water + steam. Subcategories overlap parent totals. Renewable matching excludes grid renewable share and differs from 100% direct renewable target metric. Annual matching is not hourly zero-carbon electricity.,microsoft-footprint.json
microsoft,MSFT-06,Energy consumption,hot_water_steam,10707,MWh,FY25: 2024-07-01 to 2025-06-30,"Global operational control, including wholly/partially owned controlled subsidiaries, owned and leased real estate/datacenters; includes relevant Activision Blizzard King activity.",Global,https://cdn-dynmedia-1.microsoft.com/is/content/microsoftcorp/microsoft/msc/documents/presentations/CSR/2026-Microsoft-Environmental-Data-Fact-Sheet-PDF.pdf#page=6,Table 5,"Company-reported inventory; includes measurement and company estimation, not researcher-modeled reduction","Deloitte limited assurance review of FY25 Section 1 specified information; report dated July 9, 2026, p23. Not reasonable assurance; estimates retain inherent uncertainty.",Total = fuels + electricity + chilled water + steam. Subcategories overlap parent totals. Renewable matching excludes grid renewable share and differs from 100% direct renewable target metric. Annual matching is not hourly zero-carbon electricity.,microsoft-footprint.json
microsoft,MSFT-06,Energy consumption,matched_renewable_electricity,34534392,MWh,FY25: 2024-07-01 to 2025-06-30,"Global operational control, including wholly/partially owned controlled subsidiaries, owned and leased real estate/datacenters; includes relevant Activision Blizzard King activity.",Global,https://cdn-dynmedia-1.microsoft.com/is/content/microsoftcorp/microsoft/msc/documents/presentations/CSR/2026-Microsoft-Environmental-Data-Fact-Sheet-PDF.pdf#page=6,Table 5,"Company-reported inventory; includes measurement and company estimation, not researcher-modeled reduction","Deloitte limited assurance review of FY25 Section 1 specified information; report dated July 9, 2026, p23. Not reasonable assurance; estimates retain inherent uncertainty.",Total = fuels + electricity + chilled water + steam. Subcategories overlap parent totals. Renewable matching excludes grid renewable share and differs from 100% direct renewable target metric. Annual matching is not hourly zero-carbon electricity.,microsoft-footprint.json
microsoft,MSFT-07,Water balance,withdrawal,13266,ML,FY25: 2024-07-01 to 2025-06-30,"Global operational control, including wholly/partially owned controlled subsidiaries, owned and leased real estate/datacenters; includes relevant Activision Blizzard King activity.",Global,https://cdn-dynmedia-1.microsoft.com/is/content/microsoftcorp/microsoft/msc/documents/presentations/CSR/2026-Microsoft-Environmental-Data-Fact-Sheet-PDF.pdf#page=7,Table 8,"Company-reported inventory; includes measurement and company estimation, not researcher-modeled reduction","Deloitte limited assurance review of FY25 Section 1 specified information; report dated July 9, 2026, p23. Not reasonable assurance; estimates retain inherent uncertainty.","1 ML = 1,000 m3. Most sites lack discharge meters; consumption and discharge partly modeled. Global withdrawals minus discharge equals consumption. Does not include supply-chain water. Third-party freshwater/nonfreshwater breakdown unavailable.",microsoft-footprint.json
microsoft,MSFT-07,Water balance,consumption,8170,ML,FY25: 2024-07-01 to 2025-06-30,"Global operational control, including wholly/partially owned controlled subsidiaries, owned and leased real estate/datacenters; includes relevant Activision Blizzard King activity.",Global,https://cdn-dynmedia-1.microsoft.com/is/content/microsoftcorp/microsoft/msc/documents/presentations/CSR/2026-Microsoft-Environmental-Data-Fact-Sheet-PDF.pdf#page=7,Table 8,"Company-reported inventory; includes measurement and company estimation, not researcher-modeled reduction","Deloitte limited assurance review of FY25 Section 1 specified information; report dated July 9, 2026, p23. Not reasonable assurance; estimates retain inherent uncertainty.","1 ML = 1,000 m3. Most sites lack discharge meters; consumption and discharge partly modeled. Global withdrawals minus discharge equals consumption. Does not include supply-chain water. Third-party freshwater/nonfreshwater breakdown unavailable.",microsoft-footprint.json
microsoft,MSFT-07,Water balance,discharge,5096,ML,FY25: 2024-07-01 to 2025-06-30,"Global operational control, including wholly/partially owned controlled subsidiaries, owned and leased real estate/datacenters; includes relevant Activision Blizzard King activity.",Global,https://cdn-dynmedia-1.microsoft.com/is/content/microsoftcorp/microsoft/msc/documents/presentations/CSR/2026-Microsoft-Environmental-Data-Fact-Sheet-PDF.pdf#page=7,Table 8,"Company-reported inventory; includes measurement and company estimation, not researcher-modeled reduction","Deloitte limited assurance review of FY25 Section 1 specified information; report dated July 9, 2026, p23. Not reasonable assurance; estimates retain inherent uncertainty.","1 ML = 1,000 m3. Most sites lack discharge meters; consumption and discharge partly modeled. Global withdrawals minus discharge equals consumption. Does not include supply-chain water. Third-party freshwater/nonfreshwater breakdown unavailable.",microsoft-footprint.json
microsoft,MSFT-07,Water balance,withdrawal_third_party,13192,ML,FY25: 2024-07-01 to 2025-06-30,"Global operational control, including wholly/partially owned controlled subsidiaries, owned and leased real estate/datacenters; includes relevant Activision Blizzard King activity.",Global,https://cdn-dynmedia-1.microsoft.com/is/content/microsoftcorp/microsoft/msc/documents/presentations/CSR/2026-Microsoft-Environmental-Data-Fact-Sheet-PDF.pdf#page=7,Table 8,"Company-reported inventory; includes measurement and company estimation, not researcher-modeled reduction","Deloitte limited assurance review of FY25 Section 1 specified information; report dated July 9, 2026, p23. Not reasonable assurance; estimates retain inherent uncertainty.","1 ML = 1,000 m3. Most sites lack discharge meters; consumption and discharge partly modeled. Global withdrawals minus discharge equals consumption. Does not include supply-chain water. Third-party freshwater/nonfreshwater breakdown unavailable.",microsoft-footprint.json
microsoft,MSFT-07,Water balance,withdrawal_surface,45,ML,FY25: 2024-07-01 to 2025-06-30,"Global operational control, including wholly/partially owned controlled subsidiaries, owned and leased real estate/datacenters; includes relevant Activision Blizzard King activity.",Global,https://cdn-dynmedia-1.microsoft.com/is/content/microsoftcorp/microsoft/msc/documents/presentations/CSR/2026-Microsoft-Environmental-Data-Fact-Sheet-PDF.pdf#page=7,Table 8,"Company-reported inventory; includes measurement and company estimation, not researcher-modeled reduction","Deloitte limited assurance review of FY25 Section 1 specified information; report dated July 9, 2026, p23. Not reasonable assurance; estimates retain inherent uncertainty.","1 ML = 1,000 m3. Most sites lack discharge meters; consumption and discharge partly modeled. Global withdrawals minus discharge equals consumption. Does not include supply-chain water. Third-party freshwater/nonfreshwater breakdown unavailable.",microsoft-footprint.json
microsoft,MSFT-07,Water balance,withdrawal_ground,29,ML,FY25: 2024-07-01 to 2025-06-30,"Global operational control, including wholly/partially owned controlled subsidiaries, owned and leased real estate/datacenters; includes relevant Activision Blizzard King activity.",Global,https://cdn-dynmedia-1.microsoft.com/is/content/microsoftcorp/microsoft/msc/documents/presentations/CSR/2026-Microsoft-Environmental-Data-Fact-Sheet-PDF.pdf#page=7,Table 8,"Company-reported inventory; includes measurement and company estimation, not researcher-modeled reduction","Deloitte limited assurance review of FY25 Section 1 specified information; report dated July 9, 2026, p23. Not reasonable assurance; estimates retain inherent uncertainty.","1 ML = 1,000 m3. Most sites lack discharge meters; consumption and discharge partly modeled. Global withdrawals minus discharge equals consumption. Does not include supply-chain water. Third-party freshwater/nonfreshwater breakdown unavailable.",microsoft-footprint.json
microsoft,MSFT-08,Water in high or extremely high baseline stress areas,withdrawal,6659,ML,FY25: 2024-07-01 to 2025-06-30,"Global operational control, including wholly/partially owned controlled subsidiaries, owned and leased real estate/datacenters; includes relevant Activision Blizzard King activity.",Global subset classified high/extremely high by WRI Aqueduct,https://cdn-dynmedia-1.microsoft.com/is/content/microsoftcorp/microsoft/msc/documents/presentations/CSR/2026-Microsoft-Environmental-Data-Fact-Sheet-PDF.pdf#page=7,Table 8 footnote 2,"Company-reported inventory; includes measurement and company estimation, not researcher-modeled reduction","Deloitte limited assurance review of FY25 Section 1 specified information; report dated July 9, 2026, p23. Not reasonable assurance; estimates retain inherent uncertainty.","WRI Aqueduct classification, approximately 50% withdrawals and 48% consumption. A risk screen, not measured ecological damage. Replenishment elsewhere is not subtracted from these physical site volumes.",microsoft-footprint.json
microsoft,MSFT-08,Water in high or extremely high baseline stress areas,consumption,3926,ML,FY25: 2024-07-01 to 2025-06-30,"Global operational control, including wholly/partially owned controlled subsidiaries, owned and leased real estate/datacenters; includes relevant Activision Blizzard King activity.",Global subset classified high/extremely high by WRI Aqueduct,https://cdn-dynmedia-1.microsoft.com/is/content/microsoftcorp/microsoft/msc/documents/presentations/CSR/2026-Microsoft-Environmental-Data-Fact-Sheet-PDF.pdf#page=7,Table 8 footnote 2,"Company-reported inventory; includes measurement and company estimation, not researcher-modeled reduction","Deloitte limited assurance review of FY25 Section 1 specified information; report dated July 9, 2026, p23. Not reasonable assurance; estimates retain inherent uncertainty.","WRI Aqueduct classification, approximately 50% withdrawals and 48% consumption. A risk screen, not measured ecological damage. Replenishment elsewhere is not subtracted from these physical site volumes.",microsoft-footprint.json
microsoft,MSFT-08,Water in high or extremely high baseline stress areas,discharge,2733,ML,FY25: 2024-07-01 to 2025-06-30,"Global operational control, including wholly/partially owned controlled subsidiaries, owned and leased real estate/datacenters; includes relevant Activision Blizzard King activity.",Global subset classified high/extremely high by WRI Aqueduct,https://cdn-dynmedia-1.microsoft.com/is/content/microsoftcorp/microsoft/msc/documents/presentations/CSR/2026-Microsoft-Environmental-Data-Fact-Sheet-PDF.pdf#page=7,Table 8 footnote 2,"Company-reported inventory; includes measurement and company estimation, not researcher-modeled reduction","Deloitte limited assurance review of FY25 Section 1 specified information; report dated July 9, 2026, p23. Not reasonable assurance; estimates retain inherent uncertainty.","WRI Aqueduct classification, approximately 50% withdrawals and 48% consumption. A risk screen, not measured ecological damage. Replenishment elsewhere is not subtracted from these physical site volumes.",microsoft-footprint.json
microsoft,MSFT-09,Operational waste,generated,58868,metric tonnes,FY25: 2024-07-01 to 2025-06-30,"Global operational control, including wholly/partially owned controlled subsidiaries, owned and leased real estate/datacenters; includes relevant Activision Blizzard King activity.",Global,https://cdn-dynmedia-1.microsoft.com/is/content/microsoftcorp/microsoft/msc/documents/presentations/CSR/2026-Microsoft-Environmental-Data-Fact-Sheet-PDF.pdf#page=7,Table 9,"Company-reported inventory; includes measurement and company estimation, not researcher-modeled reduction","Deloitte limited assurance review of FY25 Section 1 specified information; report dated July 9, 2026, p23. Not reasonable assurance; estimates retain inherent uncertainty.",Excludes construction/deconstruction waste. FY25 adds cloud hardware packaging; prior years not adjusted. Includes modeled waste; diversion mass is not a lifecycle avoided-impact estimate.,microsoft-footprint.json
microsoft,MSFT-09,Operational waste,nonhazardous,58126,metric tonnes,FY25: 2024-07-01 to 2025-06-30,"Global operational control, including wholly/partially owned controlled subsidiaries, owned and leased real estate/datacenters; includes relevant Activision Blizzard King activity.",Global,https://cdn-dynmedia-1.microsoft.com/is/content/microsoftcorp/microsoft/msc/documents/presentations/CSR/2026-Microsoft-Environmental-Data-Fact-Sheet-PDF.pdf#page=7,Table 9,"Company-reported inventory; includes measurement and company estimation, not researcher-modeled reduction","Deloitte limited assurance review of FY25 Section 1 specified information; report dated July 9, 2026, p23. Not reasonable assurance; estimates retain inherent uncertainty.",Excludes construction/deconstruction waste. FY25 adds cloud hardware packaging; prior years not adjusted. Includes modeled waste; diversion mass is not a lifecycle avoided-impact estimate.,microsoft-footprint.json
microsoft,MSFT-09,Operational waste,hazardous,742,metric tonnes,FY25: 2024-07-01 to 2025-06-30,"Global operational control, including wholly/partially owned controlled subsidiaries, owned and leased real estate/datacenters; includes relevant Activision Blizzard King activity.",Global,https://cdn-dynmedia-1.microsoft.com/is/content/microsoftcorp/microsoft/msc/documents/presentations/CSR/2026-Microsoft-Environmental-Data-Fact-Sheet-PDF.pdf#page=7,Table 9,"Company-reported inventory; includes measurement and company estimation, not researcher-modeled reduction","Deloitte limited assurance review of FY25 Section 1 specified information; report dated July 9, 2026, p23. Not reasonable assurance; estimates retain inherent uncertainty.",Excludes construction/deconstruction waste. FY25 adds cloud hardware packaging; prior years not adjusted. Includes modeled waste; diversion mass is not a lifecycle avoided-impact estimate.,microsoft-footprint.json
microsoft,MSFT-09,Operational waste,diverted,36149,metric tonnes,FY25: 2024-07-01 to 2025-06-30,"Global operational control, including wholly/partially owned controlled subsidiaries, owned and leased real estate/datacenters; includes relevant Activision Blizzard King activity.",Global,https://cdn-dynmedia-1.microsoft.com/is/content/microsoftcorp/microsoft/msc/documents/presentations/CSR/2026-Microsoft-Environmental-Data-Fact-Sheet-PDF.pdf#page=7,Table 9,"Company-reported inventory; includes measurement and company estimation, not researcher-modeled reduction","Deloitte limited assurance review of FY25 Section 1 specified information; report dated July 9, 2026, p23. Not reasonable assurance; estimates retain inherent uncertainty.",Excludes construction/deconstruction waste. FY25 adds cloud hardware packaging; prior years not adjusted. Includes modeled waste; diversion mass is not a lifecycle avoided-impact estimate.,microsoft-footprint.json
microsoft,MSFT-09,Operational waste,disposed,22719,metric tonnes,FY25: 2024-07-01 to 2025-06-30,"Global operational control, including wholly/partially owned controlled subsidiaries, owned and leased real estate/datacenters; includes relevant Activision Blizzard King activity.",Global,https://cdn-dynmedia-1.microsoft.com/is/content/microsoftcorp/microsoft/msc/documents/presentations/CSR/2026-Microsoft-Environmental-Data-Fact-Sheet-PDF.pdf#page=7,Table 9,"Company-reported inventory; includes measurement and company estimation, not researcher-modeled reduction","Deloitte limited assurance review of FY25 Section 1 specified information; report dated July 9, 2026, p23. Not reasonable assurance; estimates retain inherent uncertainty.",Excludes construction/deconstruction waste. FY25 adds cloud hardware packaging; prior years not adjusted. Includes modeled waste; diversion mass is not a lifecycle avoided-impact estimate.,microsoft-footprint.json
microsoft,MSFT-09,Operational waste,nonhazardous_landfilled,21540,metric tonnes,FY25: 2024-07-01 to 2025-06-30,"Global operational control, including wholly/partially owned controlled subsidiaries, owned and leased real estate/datacenters; includes relevant Activision Blizzard King activity.",Global,https://cdn-dynmedia-1.microsoft.com/is/content/microsoftcorp/microsoft/msc/documents/presentations/CSR/2026-Microsoft-Environmental-Data-Fact-Sheet-PDF.pdf#page=7,Table 9,"Company-reported inventory; includes measurement and company estimation, not researcher-modeled reduction","Deloitte limited assurance review of FY25 Section 1 specified information; report dated July 9, 2026, p23. Not reasonable assurance; estimates retain inherent uncertainty.",Excludes construction/deconstruction waste. FY25 adds cloud hardware packaging; prior years not adjusted. Includes modeled waste; diversion mass is not a lifecycle avoided-impact estimate.,microsoft-footprint.json
microsoft,MSFT-09,Operational waste,nonhazardous_incinerated,1110,metric tonnes,FY25: 2024-07-01 to 2025-06-30,"Global operational control, including wholly/partially owned controlled subsidiaries, owned and leased real estate/datacenters; includes relevant Activision Blizzard King activity.",Global,https://cdn-dynmedia-1.microsoft.com/is/content/microsoftcorp/microsoft/msc/documents/presentations/CSR/2026-Microsoft-Environmental-Data-Fact-Sheet-PDF.pdf#page=7,Table 9,"Company-reported inventory; includes measurement and company estimation, not researcher-modeled reduction","Deloitte limited assurance review of FY25 Section 1 specified information; report dated July 9, 2026, p23. Not reasonable assurance; estimates retain inherent uncertainty.",Excludes construction/deconstruction waste. FY25 adds cloud hardware packaging; prior years not adjusted. Includes modeled waste; diversion mass is not a lifecycle avoided-impact estimate.,microsoft-footprint.json
microsoft,MSFT-09,Operational waste,nonhazardous_reused_offsite,9200,metric tonnes,FY25: 2024-07-01 to 2025-06-30,"Global operational control, including wholly/partially owned controlled subsidiaries, owned and leased real estate/datacenters; includes relevant Activision Blizzard King activity.",Global,https://cdn-dynmedia-1.microsoft.com/is/content/microsoftcorp/microsoft/msc/documents/presentations/CSR/2026-Microsoft-Environmental-Data-Fact-Sheet-PDF.pdf#page=7,Table 9,"Company-reported inventory; includes measurement and company estimation, not researcher-modeled reduction","Deloitte limited assurance review of FY25 Section 1 specified information; report dated July 9, 2026, p23. Not reasonable assurance; estimates retain inherent uncertainty.",Excludes construction/deconstruction waste. FY25 adds cloud hardware packaging; prior years not adjusted. Includes modeled waste; diversion mass is not a lifecycle avoided-impact estimate.,microsoft-footprint.json
microsoft,MSFT-09,Operational waste,nonhazardous_recycled,18479,metric tonnes,FY25: 2024-07-01 to 2025-06-30,"Global operational control, including wholly/partially owned controlled subsidiaries, owned and leased real estate/datacenters; includes relevant Activision Blizzard King activity.",Global,https://cdn-dynmedia-1.microsoft.com/is/content/microsoftcorp/microsoft/msc/documents/presentations/CSR/2026-Microsoft-Environmental-Data-Fact-Sheet-PDF.pdf#page=7,Table 9,"Company-reported inventory; includes measurement and company estimation, not researcher-modeled reduction","Deloitte limited assurance review of FY25 Section 1 specified information; report dated July 9, 2026, p23. Not reasonable assurance; estimates retain inherent uncertainty.",Excludes construction/deconstruction waste. FY25 adds cloud hardware packaging; prior years not adjusted. Includes modeled waste; diversion mass is not a lifecycle avoided-impact estimate.,microsoft-footprint.json
microsoft,MSFT-09,Operational waste,nonhazardous_composted,7797,metric tonnes,FY25: 2024-07-01 to 2025-06-30,"Global operational control, including wholly/partially owned controlled subsidiaries, owned and leased real estate/datacenters; includes relevant Activision Blizzard King activity.",Global,https://cdn-dynmedia-1.microsoft.com/is/content/microsoftcorp/microsoft/msc/documents/presentations/CSR/2026-Microsoft-Environmental-Data-Fact-Sheet-PDF.pdf#page=7,Table 9,"Company-reported inventory; includes measurement and company estimation, not researcher-modeled reduction","Deloitte limited assurance review of FY25 Section 1 specified information; report dated July 9, 2026, p23. Not reasonable assurance; estimates retain inherent uncertainty.",Excludes construction/deconstruction waste. FY25 adds cloud hardware packaging; prior years not adjusted. Includes modeled waste; diversion mass is not a lifecycle avoided-impact estimate.,microsoft-footprint.json
microsoft,MSFT-09,Operational waste,hazardous_recycled,672,metric tonnes,FY25: 2024-07-01 to 2025-06-30,"Global operational control, including wholly/partially owned controlled subsidiaries, owned and leased real estate/datacenters; includes relevant Activision Blizzard King activity.",Global,https://cdn-dynmedia-1.microsoft.com/is/content/microsoftcorp/microsoft/msc/documents/presentations/CSR/2026-Microsoft-Environmental-Data-Fact-Sheet-PDF.pdf#page=7,Table 9,"Company-reported inventory; includes measurement and company estimation, not researcher-modeled reduction","Deloitte limited assurance review of FY25 Section 1 specified information; report dated July 9, 2026, p23. Not reasonable assurance; estimates retain inherent uncertainty.",Excludes construction/deconstruction waste. FY25 adds cloud hardware packaging; prior years not adjusted. Includes modeled waste; diversion mass is not a lifecycle avoided-impact estimate.,microsoft-footprint.json
microsoft,MSFT-09,Operational waste,hazardous_reused,1,metric tonnes,FY25: 2024-07-01 to 2025-06-30,"Global operational control, including wholly/partially owned controlled subsidiaries, owned and leased real estate/datacenters; includes relevant Activision Blizzard King activity.",Global,https://cdn-dynmedia-1.microsoft.com/is/content/microsoftcorp/microsoft/msc/documents/presentations/CSR/2026-Microsoft-Environmental-Data-Fact-Sheet-PDF.pdf#page=7,Table 9,"Company-reported inventory; includes measurement and company estimation, not researcher-modeled reduction","Deloitte limited assurance review of FY25 Section 1 specified information; report dated July 9, 2026, p23. Not reasonable assurance; estimates retain inherent uncertainty.",Excludes construction/deconstruction waste. FY25 adds cloud hardware packaging; prior years not adjusted. Includes modeled waste; diversion mass is not a lifecycle avoided-impact estimate.,microsoft-footprint.json
microsoft,MSFT-09,Operational waste,hazardous_disposed,69,metric tonnes,FY25: 2024-07-01 to 2025-06-30,"Global operational control, including wholly/partially owned controlled subsidiaries, owned and leased real estate/datacenters; includes relevant Activision Blizzard King activity.",Global,https://cdn-dynmedia-1.microsoft.com/is/content/microsoftcorp/microsoft/msc/documents/presentations/CSR/2026-Microsoft-Environmental-Data-Fact-Sheet-PDF.pdf#page=7,Table 9,"Company-reported inventory; includes measurement and company estimation, not researcher-modeled reduction","Deloitte limited assurance review of FY25 Section 1 specified information; report dated July 9, 2026, p23. Not reasonable assurance; estimates retain inherent uncertainty.",Excludes construction/deconstruction waste. FY25 adds cloud hardware packaging; prior years not adjusted. Includes modeled waste; diversion mass is not a lifecycle avoided-impact estimate.,microsoft-footprint.json
microsoft,MSFT-10,Electricity by region,Asia,5487634,MWh,FY25: 2024-07-01 to 2025-06-30,"Global operational control, including wholly/partially owned controlled subsidiaries, owned and leased real estate/datacenters; includes relevant Activision Blizzard King activity.",Four reporting regions,https://cdn-dynmedia-1.microsoft.com/is/content/microsoftcorp/microsoft/msc/documents/presentations/CSR/2026-Microsoft-Environmental-Data-Fact-Sheet-PDF.pdf#page=24,Table 13,"Company-reported inventory; includes measurement and company estimation, not researcher-modeled reduction",Section 2: explicitly outside Deloitte review,"Adds to 37,026,353 MWh. Broad regions insufficient for hourly marginal grid factors.",microsoft-footprint.json
microsoft,MSFT-10,Electricity by region,Europe_Middle_East_Africa,9975755,MWh,FY25: 2024-07-01 to 2025-06-30,"Global operational control, including wholly/partially owned controlled subsidiaries, owned and leased real estate/datacenters; includes relevant Activision Blizzard King activity.",Four reporting regions,https://cdn-dynmedia-1.microsoft.com/is/content/microsoftcorp/microsoft/msc/documents/presentations/CSR/2026-Microsoft-Environmental-Data-Fact-Sheet-PDF.pdf#page=24,Table 13,"Company-reported inventory; includes measurement and company estimation, not researcher-modeled reduction",Section 2: explicitly outside Deloitte review,"Adds to 37,026,353 MWh. Broad regions insufficient for hourly marginal grid factors.",microsoft-footprint.json
microsoft,MSFT-10,Electricity by region,Latin_America,661556,MWh,FY25: 2024-07-01 to 2025-06-30,"Global operational control, including wholly/partially owned controlled subsidiaries, owned and leased real estate/datacenters; includes relevant Activision Blizzard King activity.",Four reporting regions,https://cdn-dynmedia-1.microsoft.com/is/content/microsoftcorp/microsoft/msc/documents/presentations/CSR/2026-Microsoft-Environmental-Data-Fact-Sheet-PDF.pdf#page=24,Table 13,"Company-reported inventory; includes measurement and company estimation, not researcher-modeled reduction",Section 2: explicitly outside Deloitte review,"Adds to 37,026,353 MWh. Broad regions insufficient for hourly marginal grid factors.",microsoft-footprint.json
microsoft,MSFT-10,Electricity by region,North_America,20901408,MWh,FY25: 2024-07-01 to 2025-06-30,"Global operational control, including wholly/partially owned controlled subsidiaries, owned and leased real estate/datacenters; includes relevant Activision Blizzard King activity.",Four reporting regions,https://cdn-dynmedia-1.microsoft.com/is/content/microsoftcorp/microsoft/msc/documents/presentations/CSR/2026-Microsoft-Environmental-Data-Fact-Sheet-PDF.pdf#page=24,Table 13,"Company-reported inventory; includes measurement and company estimation, not researcher-modeled reduction",Section 2: explicitly outside Deloitte review,"Adds to 37,026,353 MWh. Broad regions insufficient for hourly marginal grid factors.",microsoft-footprint.json
microsoft,MSFT-11,Owned datacenter selected location paired physical inputs,Phoenix.electricity_MWh,954206,Units identified in each field,FY25: 2024-07-01 to 2025-06-30,Microsoft-owned operational datacenters only; site figures selected from full table,Named metropolitan clusters: USA and Singapore,https://cdn-dynmedia-1.microsoft.com/is/content/microsoftcorp/microsoft/msc/documents/presentations/CSR/2026-Microsoft-Environmental-Data-Fact-Sheet-PDF.pdf#page=25,Table 15 and boundary/estimation footnotes p26,"Company-reported inventory; includes measurement and company estimation, not researcher-modeled reduction",Section 2: explicitly outside Deloitte review,"Selected locations only. Full table covers owned operational datacenters, excludes commissioning and locations collectively under 1% of owned DC water/electricity. Excludes leased DC fleet. Water is withdrawal, not consumption. Electricity is site total, not IT electricity; ratio is not WUE.",microsoft-footprint.json
microsoft,MSFT-11,Owned datacenter selected location paired physical inputs,Phoenix.withdrawal_ML,981,Units identified in each field,FY25: 2024-07-01 to 2025-06-30,Microsoft-owned operational datacenters only; site figures selected from full table,Named metropolitan clusters: USA and Singapore,https://cdn-dynmedia-1.microsoft.com/is/content/microsoftcorp/microsoft/msc/documents/presentations/CSR/2026-Microsoft-Environmental-Data-Fact-Sheet-PDF.pdf#page=25,Table 15 and boundary/estimation footnotes p26,"Company-reported inventory; includes measurement and company estimation, not researcher-modeled reduction",Section 2: explicitly outside Deloitte review,"Selected locations only. Full table covers owned operational datacenters, excludes commissioning and locations collectively under 1% of owned DC water/electricity. Excludes leased DC fleet. Water is withdrawal, not consumption. Electricity is site total, not IT electricity; ratio is not WUE.",microsoft-footprint.json
microsoft,MSFT-11,Owned datacenter selected location paired physical inputs,Quincy.electricity_MWh,1381569,Units identified in each field,FY25: 2024-07-01 to 2025-06-30,Microsoft-owned operational datacenters only; site figures selected from full table,Named metropolitan clusters: USA and Singapore,https://cdn-dynmedia-1.microsoft.com/is/content/microsoftcorp/microsoft/msc/documents/presentations/CSR/2026-Microsoft-Environmental-Data-Fact-Sheet-PDF.pdf#page=25,Table 15 and boundary/estimation footnotes p26,"Company-reported inventory; includes measurement and company estimation, not researcher-modeled reduction",Section 2: explicitly outside Deloitte review,"Selected locations only. Full table covers owned operational datacenters, excludes commissioning and locations collectively under 1% of owned DC water/electricity. Excludes leased DC fleet. Water is withdrawal, not consumption. Electricity is site total, not IT electricity; ratio is not WUE.",microsoft-footprint.json
microsoft,MSFT-11,Owned datacenter selected location paired physical inputs,Quincy.withdrawal_ML,1292,Units identified in each field,FY25: 2024-07-01 to 2025-06-30,Microsoft-owned operational datacenters only; site figures selected from full table,Named metropolitan clusters: USA and Singapore,https://cdn-dynmedia-1.microsoft.com/is/content/microsoftcorp/microsoft/msc/documents/presentations/CSR/2026-Microsoft-Environmental-Data-Fact-Sheet-PDF.pdf#page=25,Table 15 and boundary/estimation footnotes p26,"Company-reported inventory; includes measurement and company estimation, not researcher-modeled reduction",Section 2: explicitly outside Deloitte review,"Selected locations only. Full table covers owned operational datacenters, excludes commissioning and locations collectively under 1% of owned DC water/electricity. Excludes leased DC fleet. Water is withdrawal, not consumption. Electricity is site total, not IT electricity; ratio is not WUE.",microsoft-footprint.json
microsoft,MSFT-11,Owned datacenter selected location paired physical inputs,Quincy.nonpotable_percent,74,Units identified in each field,FY25: 2024-07-01 to 2025-06-30,Microsoft-owned operational datacenters only; site figures selected from full table,Named metropolitan clusters: USA and Singapore,https://cdn-dynmedia-1.microsoft.com/is/content/microsoftcorp/microsoft/msc/documents/presentations/CSR/2026-Microsoft-Environmental-Data-Fact-Sheet-PDF.pdf#page=25,Table 15 and boundary/estimation footnotes p26,"Company-reported inventory; includes measurement and company estimation, not researcher-modeled reduction",Section 2: explicitly outside Deloitte review,"Selected locations only. Full table covers owned operational datacenters, excludes commissioning and locations collectively under 1% of owned DC water/electricity. Excludes leased DC fleet. Water is withdrawal, not consumption. Electricity is site total, not IT electricity; ratio is not WUE.",microsoft-footprint.json
microsoft,MSFT-11,Owned datacenter selected location paired physical inputs,San_Antonio.electricity_MWh,1440710,Units identified in each field,FY25: 2024-07-01 to 2025-06-30,Microsoft-owned operational datacenters only; site figures selected from full table,Named metropolitan clusters: USA and Singapore,https://cdn-dynmedia-1.microsoft.com/is/content/microsoftcorp/microsoft/msc/documents/presentations/CSR/2026-Microsoft-Environmental-Data-Fact-Sheet-PDF.pdf#page=25,Table 15 and boundary/estimation footnotes p26,"Company-reported inventory; includes measurement and company estimation, not researcher-modeled reduction",Section 2: explicitly outside Deloitte review,"Selected locations only. Full table covers owned operational datacenters, excludes commissioning and locations collectively under 1% of owned DC water/electricity. Excludes leased DC fleet. Water is withdrawal, not consumption. Electricity is site total, not IT electricity; ratio is not WUE.",microsoft-footprint.json
microsoft,MSFT-11,Owned datacenter selected location paired physical inputs,San_Antonio.withdrawal_ML,420,Units identified in each field,FY25: 2024-07-01 to 2025-06-30,Microsoft-owned operational datacenters only; site figures selected from full table,Named metropolitan clusters: USA and Singapore,https://cdn-dynmedia-1.microsoft.com/is/content/microsoftcorp/microsoft/msc/documents/presentations/CSR/2026-Microsoft-Environmental-Data-Fact-Sheet-PDF.pdf#page=25,Table 15 and boundary/estimation footnotes p26,"Company-reported inventory; includes measurement and company estimation, not researcher-modeled reduction",Section 2: explicitly outside Deloitte review,"Selected locations only. Full table covers owned operational datacenters, excludes commissioning and locations collectively under 1% of owned DC water/electricity. Excludes leased DC fleet. Water is withdrawal, not consumption. Electricity is site total, not IT electricity; ratio is not WUE.",microsoft-footprint.json
microsoft,MSFT-11,Owned datacenter selected location paired physical inputs,San_Antonio.nonpotable_percent,79,Units identified in each field,FY25: 2024-07-01 to 2025-06-30,Microsoft-owned operational datacenters only; site figures selected from full table,Named metropolitan clusters: USA and Singapore,https://cdn-dynmedia-1.microsoft.com/is/content/microsoftcorp/microsoft/msc/documents/presentations/CSR/2026-Microsoft-Environmental-Data-Fact-Sheet-PDF.pdf#page=25,Table 15 and boundary/estimation footnotes p26,"Company-reported inventory; includes measurement and company estimation, not researcher-modeled reduction",Section 2: explicitly outside Deloitte review,"Selected locations only. Full table covers owned operational datacenters, excludes commissioning and locations collectively under 1% of owned DC water/electricity. Excludes leased DC fleet. Water is withdrawal, not consumption. Electricity is site total, not IT electricity; ratio is not WUE.",microsoft-footprint.json
microsoft,MSFT-11,Owned datacenter selected location paired physical inputs,Singapore.electricity_MWh,338845,Units identified in each field,FY25: 2024-07-01 to 2025-06-30,Microsoft-owned operational datacenters only; site figures selected from full table,Named metropolitan clusters: USA and Singapore,https://cdn-dynmedia-1.microsoft.com/is/content/microsoftcorp/microsoft/msc/documents/presentations/CSR/2026-Microsoft-Environmental-Data-Fact-Sheet-PDF.pdf#page=25,Table 15 and boundary/estimation footnotes p26,"Company-reported inventory; includes measurement and company estimation, not researcher-modeled reduction",Section 2: explicitly outside Deloitte review,"Selected locations only. Full table covers owned operational datacenters, excludes commissioning and locations collectively under 1% of owned DC water/electricity. Excludes leased DC fleet. Water is withdrawal, not consumption. Electricity is site total, not IT electricity; ratio is not WUE.",microsoft-footprint.json
microsoft,MSFT-11,Owned datacenter selected location paired physical inputs,Singapore.withdrawal_ML,423,Units identified in each field,FY25: 2024-07-01 to 2025-06-30,Microsoft-owned operational datacenters only; site figures selected from full table,Named metropolitan clusters: USA and Singapore,https://cdn-dynmedia-1.microsoft.com/is/content/microsoftcorp/microsoft/msc/documents/presentations/CSR/2026-Microsoft-Environmental-Data-Fact-Sheet-PDF.pdf#page=25,Table 15 and boundary/estimation footnotes p26,"Company-reported inventory; includes measurement and company estimation, not researcher-modeled reduction",Section 2: explicitly outside Deloitte review,"Selected locations only. Full table covers owned operational datacenters, excludes commissioning and locations collectively under 1% of owned DC water/electricity. Excludes leased DC fleet. Water is withdrawal, not consumption. Electricity is site total, not IT electricity; ratio is not WUE.",microsoft-footprint.json
microsoft,MSFT-11,Owned datacenter selected location paired physical inputs,Singapore.nonpotable_percent,99,Units identified in each field,FY25: 2024-07-01 to 2025-06-30,Microsoft-owned operational datacenters only; site figures selected from full table,Named metropolitan clusters: USA and Singapore,https://cdn-dynmedia-1.microsoft.com/is/content/microsoftcorp/microsoft/msc/documents/presentations/CSR/2026-Microsoft-Environmental-Data-Fact-Sheet-PDF.pdf#page=25,Table 15 and boundary/estimation footnotes p26,"Company-reported inventory; includes measurement and company estimation, not researcher-modeled reduction",Section 2: explicitly outside Deloitte review,"Selected locations only. Full table covers owned operational datacenters, excludes commissioning and locations collectively under 1% of owned DC water/electricity. Excludes leased DC fleet. Water is withdrawal, not consumption. Electricity is site total, not IT electricity; ratio is not WUE.",microsoft-footprint.json
microsoft,MSFT-11,Owned datacenter selected location paired physical inputs,Boydton.electricity_MWh,3113847,Units identified in each field,FY25: 2024-07-01 to 2025-06-30,Microsoft-owned operational datacenters only; site figures selected from full table,Named metropolitan clusters: USA and Singapore,https://cdn-dynmedia-1.microsoft.com/is/content/microsoftcorp/microsoft/msc/documents/presentations/CSR/2026-Microsoft-Environmental-Data-Fact-Sheet-PDF.pdf#page=25,Table 15 and boundary/estimation footnotes p26,"Company-reported inventory; includes measurement and company estimation, not researcher-modeled reduction",Section 2: explicitly outside Deloitte review,"Selected locations only. Full table covers owned operational datacenters, excludes commissioning and locations collectively under 1% of owned DC water/electricity. Excludes leased DC fleet. Water is withdrawal, not consumption. Electricity is site total, not IT electricity; ratio is not WUE.",microsoft-footprint.json
microsoft,MSFT-11,Owned datacenter selected location paired physical inputs,Boydton.withdrawal_ML,362,Units identified in each field,FY25: 2024-07-01 to 2025-06-30,Microsoft-owned operational datacenters only; site figures selected from full table,Named metropolitan clusters: USA and Singapore,https://cdn-dynmedia-1.microsoft.com/is/content/microsoftcorp/microsoft/msc/documents/presentations/CSR/2026-Microsoft-Environmental-Data-Fact-Sheet-PDF.pdf#page=25,Table 15 and boundary/estimation footnotes p26,"Company-reported inventory; includes measurement and company estimation, not researcher-modeled reduction",Section 2: explicitly outside Deloitte review,"Selected locations only. Full table covers owned operational datacenters, excludes commissioning and locations collectively under 1% of owned DC water/electricity. Excludes leased DC fleet. Water is withdrawal, not consumption. Electricity is site total, not IT electricity; ratio is not WUE.",microsoft-footprint.json
microsoft,MSFT-12,Supplier-data share of category emissions,category1,60,percent of category emissions,FY25: 2024-07-01 to 2025-06-30,"Global operational control, including wholly/partially owned controlled subsidiaries, owned and leased real estate/datacenters; includes relevant Activision Blizzard King activity.",Global,https://cdn-dynmedia-1.microsoft.com/is/content/microsoftcorp/microsoft/msc/documents/presentations/CSR/2026-Microsoft-Environmental-Data-Fact-Sheet-PDF.pdf#page=12,Section 1.9 Scope 3 methodology,"Company-reported inventory; includes measurement and company estimation, not researcher-modeled reduction","Deloitte limited assurance review of FY25 Section 1 specified information; report dated July 9, 2026, p23. Not reasonable assurance; estimates retain inherent uncertainty.",Supplier data can still be supplier emission-per-revenue times Microsoft spend; does not mean direct physical measurements or confidence percentages.,microsoft-footprint.json
microsoft,MSFT-12,Supplier-data share of category emissions,category2,78,percent of category emissions,FY25: 2024-07-01 to 2025-06-30,"Global operational control, including wholly/partially owned controlled subsidiaries, owned and leased real estate/datacenters; includes relevant Activision Blizzard King activity.",Global,https://cdn-dynmedia-1.microsoft.com/is/content/microsoftcorp/microsoft/msc/documents/presentations/CSR/2026-Microsoft-Environmental-Data-Fact-Sheet-PDF.pdf#page=12,Section 1.9 Scope 3 methodology,"Company-reported inventory; includes measurement and company estimation, not researcher-modeled reduction","Deloitte limited assurance review of FY25 Section 1 specified information; report dated July 9, 2026, p23. Not reasonable assurance; estimates retain inherent uncertainty.",Supplier data can still be supplier emission-per-revenue times Microsoft spend; does not mean direct physical measurements or confidence percentages.,microsoft-footprint.json
walmart,WMT01,Operational GHG inventory,scope1,8.16,million metric tonnes CO2e,FY2026: 2025-02-01 to 2026-01-31,Walmart global operations; consolidated subsidiaries excluding platforms/marketplaces unless specifically included,,https://corporate.walmart.com/content/dam/corporate/documents/esgreport/2026/FY2026-Walmart-ESG-Report.pdf,"pp.30-31,126; Operational emissions / Climate data tables",company reported; measured and estimated inputs,Scope 1/2 calculations subject to third-party limited assurance aligning ISO 14064-3; specific statement not independently inspected,"Market and location Scope 2 are alternative accounting views, never additive. Scope1+Scope2 LB derived=17.82. Prior FY2025 displayed total15.6; components9.04+6.53=15.57. Company reports FY2026 YoY -7.5% using unrounded values.",walmart-footprint.json
walmart,WMT01,Operational GHG inventory,scope2_market_based,6.24,million metric tonnes CO2e,FY2026: 2025-02-01 to 2026-01-31,Walmart global operations; consolidated subsidiaries excluding platforms/marketplaces unless specifically included,,https://corporate.walmart.com/content/dam/corporate/documents/esgreport/2026/FY2026-Walmart-ESG-Report.pdf,"pp.30-31,126; Operational emissions / Climate data tables",company reported; measured and estimated inputs,Scope 1/2 calculations subject to third-party limited assurance aligning ISO 14064-3; specific statement not independently inspected,"Market and location Scope 2 are alternative accounting views, never additive. Scope1+Scope2 LB derived=17.82. Prior FY2025 displayed total15.6; components9.04+6.53=15.57. Company reports FY2026 YoY -7.5% using unrounded values.",walmart-footprint.json
walmart,WMT01,Operational GHG inventory,scope2_location_based,9.66,million metric tonnes CO2e,FY2026: 2025-02-01 to 2026-01-31,Walmart global operations; consolidated subsidiaries excluding platforms/marketplaces unless specifically included,,https://corporate.walmart.com/content/dam/corporate/documents/esgreport/2026/FY2026-Walmart-ESG-Report.pdf,"pp.30-31,126; Operational emissions / Climate data tables",company reported; measured and estimated inputs,Scope 1/2 calculations subject to third-party limited assurance aligning ISO 14064-3; specific statement not independently inspected,"Market and location Scope 2 are alternative accounting views, never additive. Scope1+Scope2 LB derived=17.82. Prior FY2025 displayed total15.6; components9.04+6.53=15.57. Company reports FY2026 YoY -7.5% using unrounded values.",walmart-footprint.json
walmart,WMT01,Operational GHG inventory,scope1_plus_scope2_market_based,14.4,million metric tonnes CO2e,FY2026: 2025-02-01 to 2026-01-31,Walmart global operations; consolidated subsidiaries excluding platforms/marketplaces unless specifically included,,https://corporate.walmart.com/content/dam/corporate/documents/esgreport/2026/FY2026-Walmart-ESG-Report.pdf,"pp.30-31,126; Operational emissions / Climate data tables",company reported; measured and estimated inputs,Scope 1/2 calculations subject to third-party limited assurance aligning ISO 14064-3; specific statement not independently inspected,"Market and location Scope 2 are alternative accounting views, never additive. Scope1+Scope2 LB derived=17.82. Prior FY2025 displayed total15.6; components9.04+6.53=15.57. Company reports FY2026 YoY -7.5% using unrounded values.",walmart-footprint.json
walmart,WMT02,Scope 1 sources,onsite_refrigerants,4.08,million metric tonnes CO2e,FY2026: 2025-02-01 to 2026-01-31,Walmart global operations; consolidated subsidiaries excluding platforms/marketplaces unless specifically included,,https://corporate.walmart.com/content/dam/corporate/documents/esgreport/2026/FY2026-Walmart-ESG-Report.pdf,p.31 FY2026 Scope 1 and 2 Emissions Sources,company reported; measured and estimated inputs,Scope 1/2 calculations subject to third-party limited assurance aligning ISO 14064-3; specific statement not independently inspected,Components sum8.16. Refrigerants roughly50% of direct footprint. Transport combines fuel and mobile leaks; cannot apply fuel-only intervention to all2.28 without split. Stationary mainly natural gas for heat/hot water/backup per p32.,walmart-footprint.json
walmart,WMT02,Scope 1 sources,transport_fuel_and_mobile_refrigerants,2.28,million metric tonnes CO2e,FY2026: 2025-02-01 to 2026-01-31,Walmart global operations; consolidated subsidiaries excluding platforms/marketplaces unless specifically included,,https://corporate.walmart.com/content/dam/corporate/documents/esgreport/2026/FY2026-Walmart-ESG-Report.pdf,p.31 FY2026 Scope 1 and 2 Emissions Sources,company reported; measured and estimated inputs,Scope 1/2 calculations subject to third-party limited assurance aligning ISO 14064-3; specific statement not independently inspected,Components sum8.16. Refrigerants roughly50% of direct footprint. Transport combines fuel and mobile leaks; cannot apply fuel-only intervention to all2.28 without split. Stationary mainly natural gas for heat/hot water/backup per p32.,walmart-footprint.json
walmart,WMT02,Scope 1 sources,stationary_fuel,1.8,million metric tonnes CO2e,FY2026: 2025-02-01 to 2026-01-31,Walmart global operations; consolidated subsidiaries excluding platforms/marketplaces unless specifically included,,https://corporate.walmart.com/content/dam/corporate/documents/esgreport/2026/FY2026-Walmart-ESG-Report.pdf,p.31 FY2026 Scope 1 and 2 Emissions Sources,company reported; measured and estimated inputs,Scope 1/2 calculations subject to third-party limited assurance aligning ISO 14064-3; specific statement not independently inspected,Components sum8.16. Refrigerants roughly50% of direct footprint. Transport combines fuel and mobile leaks; cannot apply fuel-only intervention to all2.28 without split. Stationary mainly natural gas for heat/hot water/backup per p32.,walmart-footprint.json
walmart,WMT03,Scope 2 market-based sources,purchased_electricity,6.23,million metric tonnes CO2e,FY2026: 2025-02-01 to 2026-01-31,Walmart global operations; consolidated subsidiaries excluding platforms/marketplaces unless specifically included,,https://corporate.walmart.com/content/dam/corporate/documents/esgreport/2026/FY2026-Walmart-ESG-Report.pdf,p.31 emissions source table,company reported; measured and estimated inputs,Scope 1/2 calculations subject to third-party limited assurance aligning ISO 14064-3; specific statement not independently inspected,Sum6.24. Not electricity consumption; MWh unavailable in reviewed latest report.,walmart-footprint.json
walmart,WMT03,Scope 2 market-based sources,purchased_steam,0.01,million metric tonnes CO2e,FY2026: 2025-02-01 to 2026-01-31,Walmart global operations; consolidated subsidiaries excluding platforms/marketplaces unless specifically included,,https://corporate.walmart.com/content/dam/corporate/documents/esgreport/2026/FY2026-Walmart-ESG-Report.pdf,p.31 emissions source table,company reported; measured and estimated inputs,Scope 1/2 calculations subject to third-party limited assurance aligning ISO 14064-3; specific statement not independently inspected,Sum6.24. Not electricity consumption; MWh unavailable in reviewed latest report.,walmart-footprint.json
walmart,WMT04,Electricity sourcing,renewable_including_grid,53.3,percent of global electricity,FY2026: 2025-02-01 to 2026-01-31,Walmart global operations; consolidated subsidiaries excluding platforms/marketplaces unless specifically included,,https://corporate.walmart.com/content/dam/corporate/documents/esgreport/2026/FY2026-Walmart-ESG-Report.pdf,"pp.34,126; Renewable Electricity Progress",company reported; measured and estimated inputs,No separate assurance established for percentages,35.0% follows RE100 unique-attribute definition. 53.3% includes grid contributions; not a contractual procurement share. Source p34 footnote names U.S. EIA while p126 names IEA; retain this internal inconsistency.,walmart-footprint.json
walmart,WMT04,Electricity sourcing,direct_procurement_excluding_grid,35.0,percent of global electricity,FY2026: 2025-02-01 to 2026-01-31,Walmart global operations; consolidated subsidiaries excluding platforms/marketplaces unless specifically included,,https://corporate.walmart.com/content/dam/corporate/documents/esgreport/2026/FY2026-Walmart-ESG-Report.pdf,"pp.34,126; Renewable Electricity Progress",company reported; measured and estimated inputs,No separate assurance established for percentages,35.0% follows RE100 unique-attribute definition. 53.3% includes grid contributions; not a contractual procurement share. Source p34 footnote names U.S. EIA while p126 names IEA; retain this internal inconsistency.,walmart-footprint.json
walmart,WMT04,Electricity sourcing,grid_contribution,18.3,percent of global electricity,FY2026: 2025-02-01 to 2026-01-31,Walmart global operations; consolidated subsidiaries excluding platforms/marketplaces unless specifically included,,https://corporate.walmart.com/content/dam/corporate/documents/esgreport/2026/FY2026-Walmart-ESG-Report.pdf,"pp.34,126; Renewable Electricity Progress",company reported; measured and estimated inputs,No separate assurance established for percentages,35.0% follows RE100 unique-attribute definition. 53.3% includes grid contributions; not a contractual procurement share. Source p34 footnote names U.S. EIA while p126 names IEA; retain this internal inconsistency.,walmart-footprint.json
walmart,WMT05,Low-GWP deployment,US_facilities_partly_or_fully_ultra_low_GWP,619,facilities,as of 2025-12-31,"U.S. facilities, including partial systems",,https://corporate.walmart.com/content/dam/corporate/documents/esgreport/2026/FY2026-Walmart-ESG-Report.pdf,p.31 Using Lower-GWP Refrigeration Systems,company reported; measured and estimated inputs,No separate assurance established,"Partial/full CO2, glycol, ammonia equipment; not619 fully converted stores. All new stores/clubs transcritical CO2 is reported policy. 20.7% annual leak-emissions reduction already included in baseline; no additional credit.",walmart-footprint.json
walmart,WMT06,Fleet activity proxies,electric_last_mile_vans,1250,"mixed: vans, sites, percent",Vans deployed since2022 through reporting date; fuel FY2026,Van/charging deployment Walmart last-mile; heavy-duty fuel company fleet; California subset explicit,,https://corporate.walmart.com/content/dam/corporate/documents/esgreport/2026/FY2026-Walmart-ESG-Report.pdf,p.33 Fleet / Scaling Proven Technologies,company reported; measured and estimated inputs,No separate assurance established,"Vans reported more than1250; charging nearly1000. No total tractor count, diesel gallons, miles, tonne-km, or mobile refrigerant split recovered. Yard-truck >75% reduction/hour is company technology-performance claim, not whole-fleet inventory reduction.",walmart-footprint.json
walmart,WMT06,Fleet activity proxies,charging_store_locations_approx,1000,"mixed: vans, sites, percent",Vans deployed since2022 through reporting date; fuel FY2026,Van/charging deployment Walmart last-mile; heavy-duty fuel company fleet; California subset explicit,,https://corporate.walmart.com/content/dam/corporate/documents/esgreport/2026/FY2026-Walmart-ESG-Report.pdf,p.33 Fleet / Scaling Proven Technologies,company reported; measured and estimated inputs,No separate assurance established,"Vans reported more than1250; charging nearly1000. No total tractor count, diesel gallons, miles, tonne-km, or mobile refrigerant split recovered. Yard-truck >75% reduction/hour is company technology-performance claim, not whole-fleet inventory reduction.",walmart-footprint.json
walmart,WMT06,Fleet activity proxies,renewable_diesel_heavy_duty_fuel_percent,5.6,"mixed: vans, sites, percent",Vans deployed since2022 through reporting date; fuel FY2026,Van/charging deployment Walmart last-mile; heavy-duty fuel company fleet; California subset explicit,,https://corporate.walmart.com/content/dam/corporate/documents/esgreport/2026/FY2026-Walmart-ESG-Report.pdf,p.33 Fleet / Scaling Proven Technologies,company reported; measured and estimated inputs,No separate assurance established,"Vans reported more than1250; charging nearly1000. No total tractor count, diesel gallons, miles, tonne-km, or mobile refrigerant split recovered. Yard-truck >75% reduction/hour is company technology-performance claim, not whole-fleet inventory reduction.",walmart-footprint.json
walmart,WMT06,Fleet activity proxies,renewable_diesel_California_fuel_percent_approx,69,"mixed: vans, sites, percent",Vans deployed since2022 through reporting date; fuel FY2026,Van/charging deployment Walmart last-mile; heavy-duty fuel company fleet; California subset explicit,,https://corporate.walmart.com/content/dam/corporate/documents/esgreport/2026/FY2026-Walmart-ESG-Report.pdf,p.33 Fleet / Scaling Proven Technologies,company reported; measured and estimated inputs,No separate assurance established,"Vans reported more than1250; charging nearly1000. No total tractor count, diesel gallons, miles, tonne-km, or mobile refrigerant split recovered. Yard-truck >75% reduction/hour is company technology-performance claim, not whole-fleet inventory reduction.",walmart-footprint.json
walmart,WMT07,Scope 3 footprint,,635,million metric tonnes CO2e,FY2026: 2025-02-01 to 2026-01-31,"Categories1,2,11,12; Canada, Central America, Chile, China, India(Flipkart), Mexico, U.S.; reported >95% comprehensive footprint",,https://corporate.walmart.com/content/dam/corporate/documents/esgreport/2026/FY2026-Walmart-ESG-Report.pdf,"pp.36,126 Scope 3 table and footnotes75-76",company modeled broad estimate from product-category sales and industry factors,No Scope 3 assurance established,"FY2025 restated618; FY2024 restated600. Category11 contains lifetime emissions of products sold this period, not annual use emissions only. Latest category-specific values absent; cannot treat635 as a directly controlled annual operating footprint.",walmart-footprint.json
walmart,WMT08,Food disposition pathways,donation,878,million pounds,CY2025: 2025-01-01 to 2025-12-31,"Global operational food, India excluded per footnote89",,https://corporate.walmart.com/content/dam/corporate/documents/esgreport/2026/FY2026-Walmart-ESG-Report.pdf,p.137 Food Loss and Waste / Food disposition pathways,company reported; measured and estimated inputs,Not independently assured; waste vendors/food banks/facilities; estimates where weights absent,"FLW intensity excludes packaging and inedible parts. Donation/feed not FLW waste; compost/AD are FLW waste despite diversion. 1 million lb =453.59237 metric tonnes; landfill/incineration =644101.1654 tonnes. Pathways sum3493.2 million lb, not necessarily a reconciled FLW total.",walmart-footprint.json
walmart,WMT08,Food disposition pathways,animal_feed,225,million pounds,CY2025: 2025-01-01 to 2025-12-31,"Global operational food, India excluded per footnote89",,https://corporate.walmart.com/content/dam/corporate/documents/esgreport/2026/FY2026-Walmart-ESG-Report.pdf,p.137 Food Loss and Waste / Food disposition pathways,company reported; measured and estimated inputs,Not independently assured; waste vendors/food banks/facilities; estimates where weights absent,"FLW intensity excludes packaging and inedible parts. Donation/feed not FLW waste; compost/AD are FLW waste despite diversion. 1 million lb =453.59237 metric tonnes; landfill/incineration =644101.1654 tonnes. Pathways sum3493.2 million lb, not necessarily a reconciled FLW total.",walmart-footprint.json
walmart,WMT08,Food disposition pathways,compost,669,million pounds,CY2025: 2025-01-01 to 2025-12-31,"Global operational food, India excluded per footnote89",,https://corporate.walmart.com/content/dam/corporate/documents/esgreport/2026/FY2026-Walmart-ESG-Report.pdf,p.137 Food Loss and Waste / Food disposition pathways,company reported; measured and estimated inputs,Not independently assured; waste vendors/food banks/facilities; estimates where weights absent,"FLW intensity excludes packaging and inedible parts. Donation/feed not FLW waste; compost/AD are FLW waste despite diversion. 1 million lb =453.59237 metric tonnes; landfill/incineration =644101.1654 tonnes. Pathways sum3493.2 million lb, not necessarily a reconciled FLW total.",walmart-footprint.json
walmart,WMT08,Food disposition pathways,anaerobic_digestion,247,million pounds,CY2025: 2025-01-01 to 2025-12-31,"Global operational food, India excluded per footnote89",,https://corporate.walmart.com/content/dam/corporate/documents/esgreport/2026/FY2026-Walmart-ESG-Report.pdf,p.137 Food Loss and Waste / Food disposition pathways,company reported; measured and estimated inputs,Not independently assured; waste vendors/food banks/facilities; estimates where weights absent,"FLW intensity excludes packaging and inedible parts. Donation/feed not FLW waste; compost/AD are FLW waste despite diversion. 1 million lb =453.59237 metric tonnes; landfill/incineration =644101.1654 tonnes. Pathways sum3493.2 million lb, not necessarily a reconciled FLW total.",walmart-footprint.json
walmart,WMT08,Food disposition pathways,biochemical_processing,54.2,million pounds,CY2025: 2025-01-01 to 2025-12-31,"Global operational food, India excluded per footnote89",,https://corporate.walmart.com/content/dam/corporate/documents/esgreport/2026/FY2026-Walmart-ESG-Report.pdf,p.137 Food Loss and Waste / Food disposition pathways,company reported; measured and estimated inputs,Not independently assured; waste vendors/food banks/facilities; estimates where weights absent,"FLW intensity excludes packaging and inedible parts. Donation/feed not FLW waste; compost/AD are FLW waste despite diversion. 1 million lb =453.59237 metric tonnes; landfill/incineration =644101.1654 tonnes. Pathways sum3493.2 million lb, not necessarily a reconciled FLW total.",walmart-footprint.json
walmart,WMT08,Food disposition pathways,landfill_or_incineration,1420,million pounds,CY2025: 2025-01-01 to 2025-12-31,"Global operational food, India excluded per footnote89",,https://corporate.walmart.com/content/dam/corporate/documents/esgreport/2026/FY2026-Walmart-ESG-Report.pdf,p.137 Food Loss and Waste / Food disposition pathways,company reported; measured and estimated inputs,Not independently assured; waste vendors/food banks/facilities; estimates where weights absent,"FLW intensity excludes packaging and inedible parts. Donation/feed not FLW waste; compost/AD are FLW waste despite diversion. 1 million lb =453.59237 metric tonnes; landfill/incineration =644101.1654 tonnes. Pathways sum3493.2 million lb, not necessarily a reconciled FLW total.",walmart-footprint.json
walmart,WMT09,Operational waste diversion,global,84.0,percent diverted from landfill and incineration,CY2025: 2025-01-01 to 2025-12-31,Global operational waste excluding India; country boundaries as named,,https://corporate.walmart.com/content/dam/corporate/documents/esgreport/2026/FY2026-Walmart-ESG-Report.pdf,"p.137 Operational Waste, footnotes86-88",company reported; measured and estimated inputs,Not independently assured; reported/estimated waste weights,"US/Mexico/Canada together93.83% of global operational waste. Absolute all-material waste mass not found, so16% residual cannot be converted to tonnes.",walmart-footprint.json
walmart,WMT09,Operational waste diversion,US,84.8,percent diverted from landfill and incineration,CY2025: 2025-01-01 to 2025-12-31,Global operational waste excluding India; country boundaries as named,,https://corporate.walmart.com/content/dam/corporate/documents/esgreport/2026/FY2026-Walmart-ESG-Report.pdf,"p.137 Operational Waste, footnotes86-88",company reported; measured and estimated inputs,Not independently assured; reported/estimated waste weights,"US/Mexico/Canada together93.83% of global operational waste. Absolute all-material waste mass not found, so16% residual cannot be converted to tonnes.",walmart-footprint.json
walmart,WMT09,Operational waste diversion,Canada,85.1,percent diverted from landfill and incineration,CY2025: 2025-01-01 to 2025-12-31,Global operational waste excluding India; country boundaries as named,,https://corporate.walmart.com/content/dam/corporate/documents/esgreport/2026/FY2026-Walmart-ESG-Report.pdf,"p.137 Operational Waste, footnotes86-88",company reported; measured and estimated inputs,Not independently assured; reported/estimated waste weights,"US/Mexico/Canada together93.83% of global operational waste. Absolute all-material waste mass not found, so16% residual cannot be converted to tonnes.",walmart-footprint.json
walmart,WMT09,Operational waste diversion,Mexico,82.8,percent diverted from landfill and incineration,CY2025: 2025-01-01 to 2025-12-31,Global operational waste excluding India; country boundaries as named,,https://corporate.walmart.com/content/dam/corporate/documents/esgreport/2026/FY2026-Walmart-ESG-Report.pdf,"p.137 Operational Waste, footnotes86-88",company reported; measured and estimated inputs,Not independently assured; reported/estimated waste weights,"US/Mexico/Canada together93.83% of global operational waste. Absolute all-material waste mass not found, so16% residual cannot be converted to tonnes.",walmart-footprint.json
walmart,WMT10,Operational food waste intensity reduction against2016,,3.45,percent reduction vs CY2016 baseline,CY2025: 2025-01-01 to 2025-12-31,"Global operational food, India excluded",,https://corporate.walmart.com/content/dam/corporate/documents/esgreport/2026/FY2026-Walmart-ESG-Report.pdf,"pp.9,137 Food Waste Reporting and Food Loss and Waste",company reported; measured and estimated inputs,Not independently assured,Intensity=food waste mass / food sold mass. Prior CY2024 reduction12.1%; CY2023 21.7%. Shift animal-feed to compost/AD worsens FLW metric while remaining diverted. Absolute food-sales mass and absolute FLW intensity missing.,walmart-footprint.json
walmart,WMT11,Physical retail and distribution footprint,retail_units,10955,"mixed: units, square feet, facilities","2026-01-31, except International other than Canada 2025-12-31",Walmart global operations; consolidated subsidiaries excluding platforms/marketplaces unless specifically included,,https://stock.walmart.com/2026-annual-report,2026 annual report printed p.29 / PDF p.31; Item2 Properties,company reported; measured and estimated inputs,Company Form10-K property disclosure; not separately assurance-checked,Floor-area table reports thousands square feet; correctly multiplied1000. Gross area not sales/service volume. Distribution includes fulfillment/return facilities.,walmart-footprint.json
walmart,WMT11,Physical retail and distribution footprint,retail_gross_area_ft2,1056829000,"mixed: units, square feet, facilities","2026-01-31, except International other than Canada 2025-12-31",Walmart global operations; consolidated subsidiaries excluding platforms/marketplaces unless specifically included,,https://stock.walmart.com/2026-annual-report,2026 annual report printed p.29 / PDF p.31; Item2 Properties,company reported; measured and estimated inputs,Company Form10-K property disclosure; not separately assurance-checked,Floor-area table reports thousands square feet; correctly multiplied1000. Gross area not sales/service volume. Distribution includes fulfillment/return facilities.,walmart-footprint.json
walmart,WMT11,Physical retail and distribution footprint,distribution_facilities,371,"mixed: units, square feet, facilities","2026-01-31, except International other than Canada 2025-12-31",Walmart global operations; consolidated subsidiaries excluding platforms/marketplaces unless specifically included,,https://stock.walmart.com/2026-annual-report,2026 annual report printed p.29 / PDF p.31; Item2 Properties,company reported; measured and estimated inputs,Company Form10-K property disclosure; not separately assurance-checked,Floor-area table reports thousands square feet; correctly multiplied1000. Gross area not sales/service volume. Distribution includes fulfillment/return facilities.,walmart-footprint.json
walmart,WMT11,Physical retail and distribution footprint,US_retail_units_including_Sams,5212,"mixed: units, square feet, facilities","2026-01-31, except International other than Canada 2025-12-31",Walmart global operations; consolidated subsidiaries excluding platforms/marketplaces unless specifically included,,https://stock.walmart.com/2026-annual-report,2026 annual report printed p.29 / PDF p.31; Item2 Properties,company reported; measured and estimated inputs,Company Form10-K property disclosure; not separately assurance-checked,Floor-area table reports thousands square feet; correctly multiplied1000. Gross area not sales/service volume. Distribution includes fulfillment/return facilities.,walmart-footprint.json
walmart,WMT12,"Project Gigaton supplier claims, separate ledger",reporting_year_expected_avoided_reduced_sequestered,187,million metric tonnes CO2e,FY2026: 2025-02-01 to 2026-01-31,"Supplier-reported projects across global value chains, not necessarily Walmart-attributable inventory",,https://corporate.walmart.com/content/dam/corporate/documents/esgreport/2026/FY2026-Walmart-ESG-Report.pdf,"pp.37,126; Project Gigaton and supply chain data table","supplier-reported project counterfactual estimates, not Walmart inventory reductions",Not independently assured,Never subtract from635 or add as achieved annual abatement. Cumulative figure rounded1.37 billion; includes expected avoided/reduced/sequestered emissions.,walmart-footprint.json
walmart,WMT12,"Project Gigaton supplier claims, separate ledger",cumulative_since2017,1370,million metric tonnes CO2e,FY2026: 2025-02-01 to 2026-01-31,"Supplier-reported projects across global value chains, not necessarily Walmart-attributable inventory",,https://corporate.walmart.com/content/dam/corporate/documents/esgreport/2026/FY2026-Walmart-ESG-Report.pdf,"pp.37,126; Project Gigaton and supply chain data table","supplier-reported project counterfactual estimates, not Walmart inventory reductions",Not independently assured,Never subtract from635 or add as achieved annual abatement. Cumulative figure rounded1.37 billion; includes expected avoided/reduced/sequestered emissions.,walmart-footprint.json
exxon,operated_ghg,Operated greenhouse gases,scope1,90,million metric tons CO2e,2025-01-01/2025-12-31,"operated assets, including exported power/heat",global,https://corporate.exxonmobil.com/publications/metrics-and-data,"Operated Basis, GHG rows; ACS p64",company-reported; measured and estimated inputs,2025 assurance not established; company page says underway,Published rounded components sum98 rather than97. Preserve reported total; source explicitly permits rounding. Do not force reconciliation or silently replace total. AR6 basis. Scope2 methods are alternatives.,exxon-footprint.json
exxon,operated_ghg,Operated greenhouse gases,scope2_market,8,million metric tons CO2e,2025-01-01/2025-12-31,"operated assets, including exported power/heat",global,https://corporate.exxonmobil.com/publications/metrics-and-data,"Operated Basis, GHG rows; ACS p64",company-reported; measured and estimated inputs,2025 assurance not established; company page says underway,Published rounded components sum98 rather than97. Preserve reported total; source explicitly permits rounding. Do not force reconciliation or silently replace total. AR6 basis. Scope2 methods are alternatives.,exxon-footprint.json
exxon,operated_ghg,Operated greenhouse gases,scope2_location,9,million metric tons CO2e,2025-01-01/2025-12-31,"operated assets, including exported power/heat",global,https://corporate.exxonmobil.com/publications/metrics-and-data,"Operated Basis, GHG rows; ACS p64",company-reported; measured and estimated inputs,2025 assurance not established; company page says underway,Published rounded components sum98 rather than97. Preserve reported total; source explicitly permits rounding. Do not force reconciliation or silently replace total. AR6 basis. Scope2 methods are alternatives.,exxon-footprint.json
exxon,operated_ghg,Operated greenhouse gases,reported_scope1_plus2_market,97,million metric tons CO2e,2025-01-01/2025-12-31,"operated assets, including exported power/heat",global,https://corporate.exxonmobil.com/publications/metrics-and-data,"Operated Basis, GHG rows; ACS p64",company-reported; measured and estimated inputs,2025 assurance not established; company page says underway,Published rounded components sum98 rather than97. Preserve reported total; source explicitly permits rounding. Do not force reconciliation or silently replace total. AR6 basis. Scope2 methods are alternatives.,exxon-footprint.json
exxon,operated_segments,Operated sector emissions,upstream,36,million metric tons CO2e,2025-01-01/2025-12-31,operated Scope1+2 market,global,https://corporate.exxonmobil.com/publications/metrics-and-data,Operated Basis segment rows; ACS p64,company-reported; measured and estimated inputs,2025 assurance not established; company page says underway,36+39+22=97. Chemical and downstream burdens must not be divided by upstream production.,exxon-footprint.json
exxon,operated_segments,Operated sector emissions,downstream,39,million metric tons CO2e,2025-01-01/2025-12-31,operated Scope1+2 market,global,https://corporate.exxonmobil.com/publications/metrics-and-data,Operated Basis segment rows; ACS p64,company-reported; measured and estimated inputs,2025 assurance not established; company page says underway,36+39+22=97. Chemical and downstream burdens must not be divided by upstream production.,exxon-footprint.json
exxon,operated_segments,Operated sector emissions,chemical,22,million metric tons CO2e,2025-01-01/2025-12-31,operated Scope1+2 market,global,https://corporate.exxonmobil.com/publications/metrics-and-data,Operated Basis segment rows; ACS p64,company-reported; measured and estimated inputs,2025 assurance not established; company page says underway,36+39+22=97. Chemical and downstream burdens must not be divided by upstream production.,exxon-footprint.json
exxon,equity_ghg,Equity greenhouse gases,scope1,104,million metric tons CO2e except methane_mass in million metric tons CH4,2025-01-01/2025-12-31,"equity basis, distinct from operational control",global,https://corporate.exxonmobil.com/publications/metrics-and-data,Equity Basis; ACS p65,company-reported; measured and estimated inputs,2025 assurance not established; company page says underway,"104+7=111;46+40+25=111. Equity and operated totals are alternative allocations, never additive. Public table does not supply asset ownership bridge.",exxon-footprint.json
exxon,equity_ghg,Equity greenhouse gases,scope2_market,7,million metric tons CO2e except methane_mass in million metric tons CH4,2025-01-01/2025-12-31,"equity basis, distinct from operational control",global,https://corporate.exxonmobil.com/publications/metrics-and-data,Equity Basis; ACS p65,company-reported; measured and estimated inputs,2025 assurance not established; company page says underway,"104+7=111;46+40+25=111. Equity and operated totals are alternative allocations, never additive. Public table does not supply asset ownership bridge.",exxon-footprint.json
exxon,equity_ghg,Equity greenhouse gases,scope2_location,9,million metric tons CO2e except methane_mass in million metric tons CH4,2025-01-01/2025-12-31,"equity basis, distinct from operational control",global,https://corporate.exxonmobil.com/publications/metrics-and-data,Equity Basis; ACS p65,company-reported; measured and estimated inputs,2025 assurance not established; company page says underway,"104+7=111;46+40+25=111. Equity and operated totals are alternative allocations, never additive. Public table does not supply asset ownership bridge.",exxon-footprint.json
exxon,equity_ghg,Equity greenhouse gases,scope1_plus2_market,111,million metric tons CO2e except methane_mass in million metric tons CH4,2025-01-01/2025-12-31,"equity basis, distinct from operational control",global,https://corporate.exxonmobil.com/publications/metrics-and-data,Equity Basis; ACS p65,company-reported; measured and estimated inputs,2025 assurance not established; company page says underway,"104+7=111;46+40+25=111. Equity and operated totals are alternative allocations, never additive. Public table does not supply asset ownership bridge.",exxon-footprint.json
exxon,equity_ghg,Equity greenhouse gases,upstream,46,million metric tons CO2e except methane_mass in million metric tons CH4,2025-01-01/2025-12-31,"equity basis, distinct from operational control",global,https://corporate.exxonmobil.com/publications/metrics-and-data,Equity Basis; ACS p65,company-reported; measured and estimated inputs,2025 assurance not established; company page says underway,"104+7=111;46+40+25=111. Equity and operated totals are alternative allocations, never additive. Public table does not supply asset ownership bridge.",exxon-footprint.json
exxon,equity_ghg,Equity greenhouse gases,downstream,40,million metric tons CO2e except methane_mass in million metric tons CH4,2025-01-01/2025-12-31,"equity basis, distinct from operational control",global,https://corporate.exxonmobil.com/publications/metrics-and-data,Equity Basis; ACS p65,company-reported; measured and estimated inputs,2025 assurance not established; company page says underway,"104+7=111;46+40+25=111. Equity and operated totals are alternative allocations, never additive. Public table does not supply asset ownership bridge.",exxon-footprint.json
exxon,equity_ghg,Equity greenhouse gases,chemical,25,million metric tons CO2e except methane_mass in million metric tons CH4,2025-01-01/2025-12-31,"equity basis, distinct from operational control",global,https://corporate.exxonmobil.com/publications/metrics-and-data,Equity Basis; ACS p65,company-reported; measured and estimated inputs,2025 assurance not established; company page says underway,"104+7=111;46+40+25=111. Equity and operated totals are alternative allocations, never additive. Public table does not supply asset ownership bridge.",exxon-footprint.json
exxon,equity_ghg,Equity greenhouse gases,methane_mass,0.15,million metric tons CO2e except methane_mass in million metric tons CH4,2025-01-01/2025-12-31,"equity basis, distinct from operational control",global,https://corporate.exxonmobil.com/publications/metrics-and-data,Equity Basis; ACS p65,company-reported; measured and estimated inputs,2025 assurance not established; company page says underway,"104+7=111;46+40+25=111. Equity and operated totals are alternative allocations, never additive. Public table does not supply asset ownership bridge.",exxon-footprint.json
exxon,methane,Operated methane mass,methane_tonnes,142000,as labeled,2025-01-01/2025-12-31,operated assets,global,https://corporate.exxonmobil.com/Publications/Advancing-Climate-Solutions/driving-reductions-in-methane-emissions,Methane at ExxonMobil; ACS p39,company-reported; measured and estimated inputs,2025 assurance not established; company page says underway,"142kt is approximate, not direct measurement of every emission. 0.14Mt is compatible rounding. GWP must be explicit for any modeled conversion; do not compare CH4 mass to CO2e without conversion.",exxon-footprint.json
exxon,methane,Operated methane mass,upstream_percent,96,as labeled,2025-01-01/2025-12-31,operated assets,global,https://corporate.exxonmobil.com/Publications/Advancing-Climate-Solutions/driving-reductions-in-methane-emissions,Methane at ExxonMobil; ACS p39,company-reported; measured and estimated inputs,2025 assurance not established; company page says underway,"142kt is approximate, not direct measurement of every emission. 0.14Mt is compatible rounding. GWP must be explicit for any modeled conversion; do not compare CH4 mass to CO2e without conversion.",exxon-footprint.json
exxon,methane,Operated methane mass,table_rounded_million_tonnes_CH4,0.14,as labeled,2025-01-01/2025-12-31,operated assets,global,https://corporate.exxonmobil.com/Publications/Advancing-Climate-Solutions/driving-reductions-in-methane-emissions,Methane at ExxonMobil; ACS p39,company-reported; measured and estimated inputs,2025 assurance not established; company page says underway,"142kt is approximate, not direct measurement of every emission. 0.14Mt is compatible rounding. GWP must be explicit for any modeled conversion; do not compare CH4 mass to CO2e without conversion.",exxon-footprint.json
exxon,methane,Operated methane mass,table_million_tonnes_CO2e,4,as labeled,2025-01-01/2025-12-31,operated assets,global,https://corporate.exxonmobil.com/Publications/Advancing-Climate-Solutions/driving-reductions-in-methane-emissions,Methane at ExxonMobil; ACS p39,company-reported; measured and estimated inputs,2025 assurance not established; company page says underway,"142kt is approximate, not direct measurement of every emission. 0.14Mt is compatible rounding. GWP must be explicit for any modeled conversion; do not compare CH4 mass to CO2e without conversion.",exxon-footprint.json
exxon,methane_sources,Upstream methane sources,pneumatics,10,percent of upstream methane,2025-01-01/2025-12-31,operated upstream only,global,https://corporate.exxonmobil.com/-/media/global/files/advancing-climate-solutions/2026/2026-advancing-climate-solutions-report.pdf,"Pie chart p39, visually checked; footnote8",company-reported; measured and estimated inputs,2025 assurance not established; company page says underway,"Rounded shares sum101%, not100%. Approximate source pools are analytical ceilings; do not treat category shares as installed-equipment eligibility or feasible abatement.",exxon-footprint.json
exxon,methane_sources,Upstream methane sources,fugitives,27,percent of upstream methane,2025-01-01/2025-12-31,operated upstream only,global,https://corporate.exxonmobil.com/-/media/global/files/advancing-climate-solutions/2026/2026-advancing-climate-solutions-report.pdf,"Pie chart p39, visually checked; footnote8",company-reported; measured and estimated inputs,2025 assurance not established; company page says underway,"Rounded shares sum101%, not100%. Approximate source pools are analytical ceilings; do not treat category shares as installed-equipment eligibility or feasible abatement.",exxon-footprint.json
exxon,methane_sources,Upstream methane sources,engines,19,percent of upstream methane,2025-01-01/2025-12-31,operated upstream only,global,https://corporate.exxonmobil.com/-/media/global/files/advancing-climate-solutions/2026/2026-advancing-climate-solutions-report.pdf,"Pie chart p39, visually checked; footnote8",company-reported; measured and estimated inputs,2025 assurance not established; company page says underway,"Rounded shares sum101%, not100%. Approximate source pools are analytical ceilings; do not treat category shares as installed-equipment eligibility or feasible abatement.",exxon-footprint.json
exxon,methane_sources,Upstream methane sources,flares,15,percent of upstream methane,2025-01-01/2025-12-31,operated upstream only,global,https://corporate.exxonmobil.com/-/media/global/files/advancing-climate-solutions/2026/2026-advancing-climate-solutions-report.pdf,"Pie chart p39, visually checked; footnote8",company-reported; measured and estimated inputs,2025 assurance not established; company page says underway,"Rounded shares sum101%, not100%. Approximate source pools are analytical ceilings; do not treat category shares as installed-equipment eligibility or feasible abatement.",exxon-footprint.json
exxon,methane_sources,Upstream methane sources,tanks_storage,5,percent of upstream methane,2025-01-01/2025-12-31,operated upstream only,global,https://corporate.exxonmobil.com/-/media/global/files/advancing-climate-solutions/2026/2026-advancing-climate-solutions-report.pdf,"Pie chart p39, visually checked; footnote8",company-reported; measured and estimated inputs,2025 assurance not established; company page says underway,"Rounded shares sum101%, not100%. Approximate source pools are analytical ceilings; do not treat category shares as installed-equipment eligibility or feasible abatement.",exxon-footprint.json
exxon,methane_sources,Upstream methane sources,vents,17,percent of upstream methane,2025-01-01/2025-12-31,operated upstream only,global,https://corporate.exxonmobil.com/-/media/global/files/advancing-climate-solutions/2026/2026-advancing-climate-solutions-report.pdf,"Pie chart p39, visually checked; footnote8",company-reported; measured and estimated inputs,2025 assurance not established; company page says underway,"Rounded shares sum101%, not100%. Approximate source pools are analytical ceilings; do not treat category shares as installed-equipment eligibility or feasible abatement.",exxon-footprint.json
exxon,methane_sources,Upstream methane sources,other,8,percent of upstream methane,2025-01-01/2025-12-31,operated upstream only,global,https://corporate.exxonmobil.com/-/media/global/files/advancing-climate-solutions/2026/2026-advancing-climate-solutions-report.pdf,"Pie chart p39, visually checked; footnote8",company-reported; measured and estimated inputs,2025 assurance not established; company page says underway,"Rounded shares sum101%, not100%. Approximate source pools are analytical ceilings; do not treat category shares as installed-equipment eligibility or feasible abatement.",exxon-footprint.json
exxon,flaring,Hydrocarbon flaring,all_flaring,150,million standard cubic feet/day except flaring_ghg in million metric tons CO2e,2025-01-01/2025-12-31,operated; routine subset upstream only,global,https://corporate.exxonmobil.com/publications/metrics-and-data,"Operated Basis, FLARING; ACS p64",company-reported; measured and estimated inputs,2025 assurance not established; company page says underway,Regional volumes sum150. Routine excludes safety/nonroutine. All-flaring GHG already inside Scope1 and includes overlapping methane. Cannot allocate5Mt by4/150 without composition and combustion-efficiency evidence.,exxon-footprint.json
exxon,flaring,Hydrocarbon flaring,africa_europe_middle_east,40,million standard cubic feet/day except flaring_ghg in million metric tons CO2e,2025-01-01/2025-12-31,operated; routine subset upstream only,global,https://corporate.exxonmobil.com/publications/metrics-and-data,"Operated Basis, FLARING; ACS p64",company-reported; measured and estimated inputs,2025 assurance not established; company page says underway,Regional volumes sum150. Routine excludes safety/nonroutine. All-flaring GHG already inside Scope1 and includes overlapping methane. Cannot allocate5Mt by4/150 without composition and combustion-efficiency evidence.,exxon-footprint.json
exxon,flaring,Hydrocarbon flaring,americas,80,million standard cubic feet/day except flaring_ghg in million metric tons CO2e,2025-01-01/2025-12-31,operated; routine subset upstream only,global,https://corporate.exxonmobil.com/publications/metrics-and-data,"Operated Basis, FLARING; ACS p64",company-reported; measured and estimated inputs,2025 assurance not established; company page says underway,Regional volumes sum150. Routine excludes safety/nonroutine. All-flaring GHG already inside Scope1 and includes overlapping methane. Cannot allocate5Mt by4/150 without composition and combustion-efficiency evidence.,exxon-footprint.json
exxon,flaring,Hydrocarbon flaring,asia_pacific,30,million standard cubic feet/day except flaring_ghg in million metric tons CO2e,2025-01-01/2025-12-31,operated; routine subset upstream only,global,https://corporate.exxonmobil.com/publications/metrics-and-data,"Operated Basis, FLARING; ACS p64",company-reported; measured and estimated inputs,2025 assurance not established; company page says underway,Regional volumes sum150. Routine excludes safety/nonroutine. All-flaring GHG already inside Scope1 and includes overlapping methane. Cannot allocate5Mt by4/150 without composition and combustion-efficiency evidence.,exxon-footprint.json
exxon,flaring,Hydrocarbon flaring,upstream_routine,4,million standard cubic feet/day except flaring_ghg in million metric tons CO2e,2025-01-01/2025-12-31,operated; routine subset upstream only,global,https://corporate.exxonmobil.com/publications/metrics-and-data,"Operated Basis, FLARING; ACS p64",company-reported; measured and estimated inputs,2025 assurance not established; company page says underway,Regional volumes sum150. Routine excludes safety/nonroutine. All-flaring GHG already inside Scope1 and includes overlapping methane. Cannot allocate5Mt by4/150 without composition and combustion-efficiency evidence.,exxon-footprint.json
exxon,flaring,Hydrocarbon flaring,flaring_ghg,5,million standard cubic feet/day except flaring_ghg in million metric tons CO2e,2025-01-01/2025-12-31,operated; routine subset upstream only,global,https://corporate.exxonmobil.com/publications/metrics-and-data,"Operated Basis, FLARING; ACS p64",company-reported; measured and estimated inputs,2025 assurance not established; company page says underway,Regional volumes sum150. Routine excludes safety/nonroutine. All-flaring GHG already inside Scope1 and includes overlapping methane. Cannot allocate5Mt by4/150 without composition and combustion-efficiency evidence.,exxon-footprint.json
exxon,energy,Energy input,use,1.4,use:billion GJ; intensities:GJ/metric ton production or throughput,2025-01-01/2025-12-31,operated assets,global,https://corporate.exxonmobil.com/publications/metrics-and-data,"Operated Basis, ENERGY; ACS p64",company-reported; measured and estimated inputs,2025 assurance not established; company page says underway,"1.4 billion GJ=388.9TWh thermal-equivalent, not purchased electricity or electrifiable load. Mixed fuels, process heat, power and sectors require disaggregation.",exxon-footprint.json
exxon,energy,Energy input,upstream_intensity,1.9,use:billion GJ; intensities:GJ/metric ton production or throughput,2025-01-01/2025-12-31,operated assets,global,https://corporate.exxonmobil.com/publications/metrics-and-data,"Operated Basis, ENERGY; ACS p64",company-reported; measured and estimated inputs,2025 assurance not established; company page says underway,"1.4 billion GJ=388.9TWh thermal-equivalent, not purchased electricity or electrifiable load. Mixed fuels, process heat, power and sectors require disaggregation.",exxon-footprint.json
exxon,energy,Energy input,downstream_intensity,3.2,use:billion GJ; intensities:GJ/metric ton production or throughput,2025-01-01/2025-12-31,operated assets,global,https://corporate.exxonmobil.com/publications/metrics-and-data,"Operated Basis, ENERGY; ACS p64",company-reported; measured and estimated inputs,2025 assurance not established; company page says underway,"1.4 billion GJ=388.9TWh thermal-equivalent, not purchased electricity or electrifiable load. Mixed fuels, process heat, power and sectors require disaggregation.",exxon-footprint.json
exxon,energy,Energy input,chemical_intensity,9.2,use:billion GJ; intensities:GJ/metric ton production or throughput,2025-01-01/2025-12-31,operated assets,global,https://corporate.exxonmobil.com/publications/metrics-and-data,"Operated Basis, ENERGY; ACS p64",company-reported; measured and estimated inputs,2025 assurance not established; company page says underway,"1.4 billion GJ=388.9TWh thermal-equivalent, not purchased electricity or electrifiable load. Mixed fuels, process heat, power and sectors require disaggregation.",exxon-footprint.json
exxon,production,Net oil-equivalent output,daily_thousand_boe,4736,as labeled,2025-01-01/2025-12-31,"company net production, not gross operated production",global,https://investor.exxonmobil.com/sec-filings/all-sec-filings/content/0000034088-26-000045/xom-20251231.htm,"MD&A Upstream Additional Information, Volumes Reconciliation",company-reported; measured and estimated inputs,Not covered by environmental assurance reviewed,4736*365/1000=1728.64. Natural gas conversion six million cubic feet per thousand barrels. Do not use as denominator for operated corporate emissions.,exxon-footprint.json
exxon,production,Net oil-equivalent output,derived_annual_million_boe,1728.64,as labeled,2025-01-01/2025-12-31,"company net production, not gross operated production",global,https://investor.exxonmobil.com/sec-filings/all-sec-filings/content/0000034088-26-000045/xom-20251231.htm,"MD&A Upstream Additional Information, Volumes Reconciliation",company-reported; measured and estimated inputs,Not covered by environmental assurance reviewed,4736*365/1000=1728.64. Natural gas conversion six million cubic feet per thousand barrels. Do not use as denominator for operated corporate emissions.,exxon-footprint.json
exxon,scope3,Product-use emissions,production_total,700,million metric tons CO2e,2025-01-01/2025-12-31,Category11 use of production; alternative refinery/sales accounting views,global,https://corporate.exxonmobil.com/-/media/global/files/advancing-climate-solutions/2026/2026-advancing-climate-solutions-report.pdf,Scope3 estimates p66; table visually checked,company modeled potential combustion estimate using EPA/API factors,2025 assurance not established; company page says underway,170+530=700. Alternatives must not be summed. Non-fuel products and other14 Scope3 categories excluded. This is not a complete lifecycle footprint. Ownership reconciliation of production basis not explicitly supplied in table. Direct operational improvements do not eliminate customer combustion at fixed fuel sales.,exxon-footprint.json
exxon,scope3,Product-use emissions,gas_production,170,million metric tons CO2e,2025-01-01/2025-12-31,Category11 use of production; alternative refinery/sales accounting views,global,https://corporate.exxonmobil.com/-/media/global/files/advancing-climate-solutions/2026/2026-advancing-climate-solutions-report.pdf,Scope3 estimates p66; table visually checked,company modeled potential combustion estimate using EPA/API factors,2025 assurance not established; company page says underway,170+530=700. Alternatives must not be summed. Non-fuel products and other14 Scope3 categories excluded. This is not a complete lifecycle footprint. Ownership reconciliation of production basis not explicitly supplied in table. Direct operational improvements do not eliminate customer combustion at fixed fuel sales.,exxon-footprint.json
exxon,scope3,Product-use emissions,crude_production,530,million metric tons CO2e,2025-01-01/2025-12-31,Category11 use of production; alternative refinery/sales accounting views,global,https://corporate.exxonmobil.com/-/media/global/files/advancing-climate-solutions/2026/2026-advancing-climate-solutions-report.pdf,Scope3 estimates p66; table visually checked,company modeled potential combustion estimate using EPA/API factors,2025 assurance not established; company page says underway,170+530=700. Alternatives must not be summed. Non-fuel products and other14 Scope3 categories excluded. This is not a complete lifecycle footprint. Ownership reconciliation of production basis not explicitly supplied in table. Direct operational improvements do not eliminate customer combustion at fixed fuel sales.,exxon-footprint.json
exxon,scope3,Product-use emissions,refining_throughput_alternative,630,million metric tons CO2e,2025-01-01/2025-12-31,Category11 use of production; alternative refinery/sales accounting views,global,https://corporate.exxonmobil.com/-/media/global/files/advancing-climate-solutions/2026/2026-advancing-climate-solutions-report.pdf,Scope3 estimates p66; table visually checked,company modeled potential combustion estimate using EPA/API factors,2025 assurance not established; company page says underway,170+530=700. Alternatives must not be summed. Non-fuel products and other14 Scope3 categories excluded. This is not a complete lifecycle footprint. Ownership reconciliation of production basis not explicitly supplied in table. Direct operational improvements do not eliminate customer combustion at fixed fuel sales.,exxon-footprint.json
exxon,scope3,Product-use emissions,petroleum_sales_alternative,720,million metric tons CO2e,2025-01-01/2025-12-31,Category11 use of production; alternative refinery/sales accounting views,global,https://corporate.exxonmobil.com/-/media/global/files/advancing-climate-solutions/2026/2026-advancing-climate-solutions-report.pdf,Scope3 estimates p66; table visually checked,company modeled potential combustion estimate using EPA/API factors,2025 assurance not established; company page says underway,170+530=700. Alternatives must not be summed. Non-fuel products and other14 Scope3 categories excluded. This is not a complete lifecycle footprint. Ownership reconciliation of production basis not explicitly supplied in table. Direct operational improvements do not eliminate customer combustion at fixed fuel sales.,exxon-footprint.json
exxon,water,Freshwater,withdrawal,440,million cubic meters,2025-01-01/2025-12-31,operated assets,global,https://corporate.exxonmobil.com/publications/metrics-and-data,"Sustainability performance data, Freshwater; footnotes1-2",company-reported; measured and estimated inputs,2025 assurance not established; company page says underway,"Withdrawal and consumption overlap, not additive. Basin/month/source scarcity and quality data missing; global volumes cannot quantify local harm.",exxon-footprint.json
exxon,water,Freshwater,consumption,290,million cubic meters,2025-01-01/2025-12-31,operated assets,global,https://corporate.exxonmobil.com/publications/metrics-and-data,"Sustainability performance data, Freshwater; footnotes1-2",company-reported; measured and estimated inputs,2025 assurance not established; company page says underway,"Withdrawal and consumption overlap, not additive. Basin/month/source scarcity and quality data missing; global volumes cannot quantify local harm.",exxon-footprint.json
exxon,pollution,Air and water releases,SOx_tonnes,60000,as labeled,2025-01-01/2025-12-31,operated assets; oil spills exclude marine vessels,global,https://corporate.exxonmobil.com/publications/metrics-and-data,"Sustainability performance data, Air emissions/Discharges/Spills",company-reported; measured and estimated inputs,2025 assurance not established; company page says underway,Converted0.06/0.11/0.12Mt to tonnes;0.4kt=400t;6.0thousand barrels=6000. Pollutants differ in toxicity and exposure. No aggregation into CO2 or a score; do not add controlled discharges and spills without pathway reconciliation.,exxon-footprint.json
exxon,pollution,Air and water releases,NOx_tonnes,110000,as labeled,2025-01-01/2025-12-31,operated assets; oil spills exclude marine vessels,global,https://corporate.exxonmobil.com/publications/metrics-and-data,"Sustainability performance data, Air emissions/Discharges/Spills",company-reported; measured and estimated inputs,2025 assurance not established; company page says underway,Converted0.06/0.11/0.12Mt to tonnes;0.4kt=400t;6.0thousand barrels=6000. Pollutants differ in toxicity and exposure. No aggregation into CO2 or a score; do not add controlled discharges and spills without pathway reconciliation.,exxon-footprint.json
exxon,pollution,Air and water releases,VOCs_tonnes,120000,as labeled,2025-01-01/2025-12-31,operated assets; oil spills exclude marine vessels,global,https://corporate.exxonmobil.com/publications/metrics-and-data,"Sustainability performance data, Air emissions/Discharges/Spills",company-reported; measured and estimated inputs,2025 assurance not established; company page says underway,Converted0.06/0.11/0.12Mt to tonnes;0.4kt=400t;6.0thousand barrels=6000. Pollutants differ in toxicity and exposure. No aggregation into CO2 or a score; do not add controlled discharges and spills without pathway reconciliation.,exxon-footprint.json
exxon,pollution,Air and water releases,controlled_hydrocarbon_water_tonnes,400,as labeled,2025-01-01/2025-12-31,operated assets; oil spills exclude marine vessels,global,https://corporate.exxonmobil.com/publications/metrics-and-data,"Sustainability performance data, Air emissions/Discharges/Spills",company-reported; measured and estimated inputs,2025 assurance not established; company page says underway,Converted0.06/0.11/0.12Mt to tonnes;0.4kt=400t;6.0thousand barrels=6000. Pollutants differ in toxicity and exposure. No aggregation into CO2 or a score; do not add controlled discharges and spills without pathway reconciliation.,exxon-footprint.json
exxon,pollution,Air and water releases,oil_spill_barrels,6000,as labeled,2025-01-01/2025-12-31,operated assets; oil spills exclude marine vessels,global,https://corporate.exxonmobil.com/publications/metrics-and-data,"Sustainability performance data, Air emissions/Discharges/Spills",company-reported; measured and estimated inputs,2025 assurance not established; company page says underway,Converted0.06/0.11/0.12Mt to tonnes;0.4kt=400t;6.0thousand barrels=6000. Pollutants differ in toxicity and exposure. No aggregation into CO2 or a score; do not add controlled discharges and spills without pathway reconciliation.,exxon-footprint.json
exxon,pollution,Air and water releases,oil_spill_count,402,as labeled,2025-01-01/2025-12-31,operated assets; oil spills exclude marine vessels,global,https://corporate.exxonmobil.com/publications/metrics-and-data,"Sustainability performance data, Air emissions/Discharges/Spills",company-reported; measured and estimated inputs,2025 assurance not established; company page says underway,Converted0.06/0.11/0.12Mt to tonnes;0.4kt=400t;6.0thousand barrels=6000. Pollutants differ in toxicity and exposure. No aggregation into CO2 or a score; do not add controlled discharges and spills without pathway reconciliation.,exxon-footprint.json
exxon,captured,Captured CO2,captured,7,million metric tons CO2,2025-01-01/2025-12-31,operated reporting; includes third-party/customer applications,global,https://corporate.exxonmobil.com/publications/metrics-and-data,CO2 captured for storage row and footnote8; ACS p64/67,company-reported; measured and estimated inputs,2025 assurance not established; company page says underway,"Includes geological storage, acid-gas injection and enhanced recovery applications. Not automatically permanent net avoidance or additional abatement. Do not subtract from reported emissions again.",exxon-footprint.json
jpmorgan,JPM01,Operational GHG inventory,scope1,100024,tCO2e,2024,"JPMorgan operational control: buildings, vehicles and aircraft; excludes Neovest data centers and outside-control joint ventures; 2024 acquisitions included with revenue-based estimation",Global unless stated otherwise,https://www.jpmorganchase.com/content/dam/jpmorganchase/documents/2024-operational-ghg-emissions-and-electric-power-use.pdf,PDF p1; management assertion pp4-5,company reported; calculated inventory includes estimation,Independent accountants limited assurance over Scope1 and both Scope2 metrics; report August7 2025,,jpmorgan-footprint.json
jpmorgan,JPM01,Operational GHG inventory,scope2_location_based,773852,tCO2e,2024,"JPMorgan operational control: buildings, vehicles and aircraft; excludes Neovest data centers and outside-control joint ventures; 2024 acquisitions included with revenue-based estimation",Global unless stated otherwise,https://www.jpmorganchase.com/content/dam/jpmorganchase/documents/2024-operational-ghg-emissions-and-electric-power-use.pdf,PDF p1; management assertion pp4-5,company reported; calculated inventory includes estimation,Independent accountants limited assurance over Scope1 and both Scope2 metrics; report August7 2025,,jpmorgan-footprint.json
jpmorgan,JPM01,Operational GHG inventory,scope2_market_based,6806,tCO2e,2024,"JPMorgan operational control: buildings, vehicles and aircraft; excludes Neovest data centers and outside-control joint ventures; 2024 acquisitions included with revenue-based estimation",Global unless stated otherwise,https://www.jpmorganchase.com/content/dam/jpmorganchase/documents/2024-operational-ghg-emissions-and-electric-power-use.pdf,PDF p1; management assertion pp4-5,company reported; calculated inventory includes estimation,Independent accountants limited assurance over Scope1 and both Scope2 metrics; report August7 2025,,jpmorgan-footprint.json
jpmorgan,JPM01,Operational GHG inventory,scope1_plus_scope2_location_based,873876,tCO2e,2024,"JPMorgan operational control: buildings, vehicles and aircraft; excludes Neovest data centers and outside-control joint ventures; 2024 acquisitions included with revenue-based estimation",Global unless stated otherwise,https://www.jpmorganchase.com/content/dam/jpmorganchase/documents/2024-operational-ghg-emissions-and-electric-power-use.pdf,PDF p1; management assertion pp4-5,company reported; calculated inventory includes estimation,Independent accountants limited assurance over Scope1 and both Scope2 metrics; report August7 2025,,jpmorgan-footprint.json
jpmorgan,JPM01,Operational GHG inventory,scope1_plus_scope2_market_based,106830,tCO2e,2024,"JPMorgan operational control: buildings, vehicles and aircraft; excludes Neovest data centers and outside-control joint ventures; 2024 acquisitions included with revenue-based estimation",Global unless stated otherwise,https://www.jpmorganchase.com/content/dam/jpmorganchase/documents/2024-operational-ghg-emissions-and-electric-power-use.pdf,PDF p1; management assertion pp4-5,company reported; calculated inventory includes estimation,Independent accountants limited assurance over Scope1 and both Scope2 metrics; report August7 2025,,jpmorgan-footprint.json
jpmorgan,JPM02,Electricity,purchased,2041374,MWh,2024,"JPMorgan operational control: buildings, vehicles and aircraft; excludes Neovest data centers and outside-control joint ventures; 2024 acquisitions included with revenue-based estimation",Global unless stated otherwise,https://www.jpmorganchase.com/content/dam/jpmorganchase/documents/2024-operational-ghg-emissions-and-electric-power-use.pdf,PDF p1,company reported; calculated inventory includes estimation,Limited assurance on purchased and purchased renewable electricity; on-site generation not marked assured,,jpmorgan-footprint.json
jpmorgan,JPM02,Electricity,purchased_renewable_contractual,2041374,MWh,2024,"JPMorgan operational control: buildings, vehicles and aircraft; excludes Neovest data centers and outside-control joint ventures; 2024 acquisitions included with revenue-based estimation",Global unless stated otherwise,https://www.jpmorganchase.com/content/dam/jpmorganchase/documents/2024-operational-ghg-emissions-and-electric-power-use.pdf,PDF p1,company reported; calculated inventory includes estimation,Limited assurance on purchased and purchased renewable electricity; on-site generation not marked assured,,jpmorgan-footprint.json
jpmorgan,JPM02,Electricity,onsite_solar_generation,57420,MWh,2024,"JPMorgan operational control: buildings, vehicles and aircraft; excludes Neovest data centers and outside-control joint ventures; 2024 acquisitions included with revenue-based estimation",Global unless stated otherwise,https://www.jpmorganchase.com/content/dam/jpmorganchase/documents/2024-operational-ghg-emissions-and-electric-power-use.pdf,PDF p1,company reported; calculated inventory includes estimation,Limited assurance on purchased and purchased renewable electricity; on-site generation not marked assured,,jpmorgan-footprint.json
jpmorgan,JPM03,Operational emissions sources,natural_gas,49354,tCO2e,2024,"JPMorgan operational control: buildings, vehicles and aircraft; excludes Neovest data centers and outside-control joint ventures; 2024 acquisitions included with revenue-based estimation",Global unless stated otherwise,https://www.jpmorganchase.com/content/dam/jpmorganchase/documents/2024-operational-ghg-emissions-and-electric-power-use.pdf,PDF p1,company reported; calculated inventory includes estimation,Aggregate inventory assured; component rows not individually marked assured,,jpmorgan-footprint.json
jpmorgan,JPM03,Operational emissions sources,fugitive,33121,tCO2e,2024,"JPMorgan operational control: buildings, vehicles and aircraft; excludes Neovest data centers and outside-control joint ventures; 2024 acquisitions included with revenue-based estimation",Global unless stated otherwise,https://www.jpmorganchase.com/content/dam/jpmorganchase/documents/2024-operational-ghg-emissions-and-electric-power-use.pdf,PDF p1,company reported; calculated inventory includes estimation,Aggregate inventory assured; component rows not individually marked assured,,jpmorgan-footprint.json
jpmorgan,JPM03,Operational emissions sources,jet_fuel,12414,tCO2e,2024,"JPMorgan operational control: buildings, vehicles and aircraft; excludes Neovest data centers and outside-control joint ventures; 2024 acquisitions included with revenue-based estimation",Global unless stated otherwise,https://www.jpmorganchase.com/content/dam/jpmorganchase/documents/2024-operational-ghg-emissions-and-electric-power-use.pdf,PDF p1,company reported; calculated inventory includes estimation,Aggregate inventory assured; component rows not individually marked assured,,jpmorgan-footprint.json
jpmorgan,JPM03,Operational emissions sources,purchased_electricity_location_based,767046,tCO2e,2024,"JPMorgan operational control: buildings, vehicles and aircraft; excludes Neovest data centers and outside-control joint ventures; 2024 acquisitions included with revenue-based estimation",Global unless stated otherwise,https://www.jpmorganchase.com/content/dam/jpmorganchase/documents/2024-operational-ghg-emissions-and-electric-power-use.pdf,PDF p1,company reported; calculated inventory includes estimation,Aggregate inventory assured; component rows not individually marked assured,,jpmorgan-footprint.json
jpmorgan,JPM04,Carbon credits reported separately,verified_carbon_credits,367311,tCO2e,2024,"Purchased verified credits from nature-based, hybrid and engineered removals; not subtracted from physical inventory",Global unless stated otherwise,https://www.jpmorganchase.com/content/dam/jpmorganchase/documents/2024-operational-ghg-emissions-and-electric-power-use.pdf,PDF p1; management assertion p5,company reported; calculated inventory includes estimation,"Limited assurance of reported credit metric, not proof of additionality/permanence",,jpmorgan-footprint.json
jpmorgan,JPM05,Portfolio output intensities and 2030 targets,[0].baseline_year,2019,Sector-specific; see each row,As of December31 2024; borrower emissions vintages can lag,"Carbon Compass in-scope global sector clients; lending, tax-oriented investments, capital markets; intensity is financing-weighted, not physical aggregate or whole-economy change",Global unless stated otherwise,https://www.jpmorganchase.com/content/dam/jpmorganchase/documents/about/jpmc-sustainability-report-2024.pdf,p24 target table; p25 explanations,company reported; calculated inventory includes estimation,Not established for this metric,,jpmorgan-footprint.json
jpmorgan,JPM05,Portfolio output intensities and 2030 targets,[0].baseline,45.9,Sector-specific; see each row,As of December31 2024; borrower emissions vintages can lag,"Carbon Compass in-scope global sector clients; lending, tax-oriented investments, capital markets; intensity is financing-weighted, not physical aggregate or whole-economy change",Global unless stated otherwise,https://www.jpmorganchase.com/content/dam/jpmorganchase/documents/about/jpmc-sustainability-report-2024.pdf,p24 target table; p25 explanations,company reported; calculated inventory includes estimation,Not established for this metric,,jpmorgan-footprint.json
jpmorgan,JPM05,Portfolio output intensities and 2030 targets,[0].as_of_2024,30.6,Sector-specific; see each row,As of December31 2024; borrower emissions vintages can lag,"Carbon Compass in-scope global sector clients; lending, tax-oriented investments, capital markets; intensity is financing-weighted, not physical aggregate or whole-economy change",Global unless stated otherwise,https://www.jpmorganchase.com/content/dam/jpmorganchase/documents/about/jpmc-sustainability-report-2024.pdf,p24 target table; p25 explanations,company reported; calculated inventory includes estimation,Not established for this metric,,jpmorgan-footprint.json
jpmorgan,JPM05,Portfolio output intensities and 2030 targets,[0].target_2030,29.5,Sector-specific; see each row,As of December31 2024; borrower emissions vintages can lag,"Carbon Compass in-scope global sector clients; lending, tax-oriented investments, capital markets; intensity is financing-weighted, not physical aggregate or whole-economy change",Global unless stated otherwise,https://www.jpmorganchase.com/content/dam/jpmorganchase/documents/about/jpmc-sustainability-report-2024.pdf,p24 target table; p25 explanations,company reported; calculated inventory includes estimation,Not established for this metric,,jpmorgan-footprint.json
jpmorgan,JPM05,Portfolio output intensities and 2030 targets,[0].reported_change_percent,-33.2,Sector-specific; see each row,As of December31 2024; borrower emissions vintages can lag,"Carbon Compass in-scope global sector clients; lending, tax-oriented investments, capital markets; intensity is financing-weighted, not physical aggregate or whole-economy change",Global unless stated otherwise,https://www.jpmorganchase.com/content/dam/jpmorganchase/documents/about/jpmc-sustainability-report-2024.pdf,p24 target table; p25 explanations,company reported; calculated inventory includes estimation,Not established for this metric,,jpmorgan-footprint.json
jpmorgan,JPM05,Portfolio output intensities and 2030 targets,[1].baseline_year,2019,Sector-specific; see each row,As of December31 2024; borrower emissions vintages can lag,"Carbon Compass in-scope global sector clients; lending, tax-oriented investments, capital markets; intensity is financing-weighted, not physical aggregate or whole-economy change",Global unless stated otherwise,https://www.jpmorganchase.com/content/dam/jpmorganchase/documents/about/jpmc-sustainability-report-2024.pdf,p24 target table; p25 explanations,company reported; calculated inventory includes estimation,Not established for this metric,,jpmorgan-footprint.json
jpmorgan,JPM05,Portfolio output intensities and 2030 targets,[1].baseline,4.9,Sector-specific; see each row,As of December31 2024; borrower emissions vintages can lag,"Carbon Compass in-scope global sector clients; lending, tax-oriented investments, capital markets; intensity is financing-weighted, not physical aggregate or whole-economy change",Global unless stated otherwise,https://www.jpmorganchase.com/content/dam/jpmorganchase/documents/about/jpmc-sustainability-report-2024.pdf,p24 target table; p25 explanations,company reported; calculated inventory includes estimation,Not established for this metric,,jpmorgan-footprint.json
jpmorgan,JPM05,Portfolio output intensities and 2030 targets,[1].as_of_2024,4.0,Sector-specific; see each row,As of December31 2024; borrower emissions vintages can lag,"Carbon Compass in-scope global sector clients; lending, tax-oriented investments, capital markets; intensity is financing-weighted, not physical aggregate or whole-economy change",Global unless stated otherwise,https://www.jpmorganchase.com/content/dam/jpmorganchase/documents/about/jpmc-sustainability-report-2024.pdf,p24 target table; p25 explanations,company reported; calculated inventory includes estimation,Not established for this metric,,jpmorgan-footprint.json
jpmorgan,JPM05,Portfolio output intensities and 2030 targets,[1].reported_change_percent,-17.2,Sector-specific; see each row,As of December31 2024; borrower emissions vintages can lag,"Carbon Compass in-scope global sector clients; lending, tax-oriented investments, capital markets; intensity is financing-weighted, not physical aggregate or whole-economy change",Global unless stated otherwise,https://www.jpmorganchase.com/content/dam/jpmorganchase/documents/about/jpmc-sustainability-report-2024.pdf,p24 target table; p25 explanations,company reported; calculated inventory includes estimation,Not established for this metric,,jpmorgan-footprint.json
jpmorgan,JPM05,Portfolio output intensities and 2030 targets,[1].target_2030_percent_change,-45,Sector-specific; see each row,As of December31 2024; borrower emissions vintages can lag,"Carbon Compass in-scope global sector clients; lending, tax-oriented investments, capital markets; intensity is financing-weighted, not physical aggregate or whole-economy change",Global unless stated otherwise,https://www.jpmorganchase.com/content/dam/jpmorganchase/documents/about/jpmc-sustainability-report-2024.pdf,p24 target table; p25 explanations,company reported; calculated inventory includes estimation,Not established for this metric,,jpmorgan-footprint.json
jpmorgan,JPM05,Portfolio output intensities and 2030 targets,[1].target_from_rounded_baseline_derived,2.6950000000000003,Sector-specific; see each row,As of December31 2024; borrower emissions vintages can lag,"Carbon Compass in-scope global sector clients; lending, tax-oriented investments, capital markets; intensity is financing-weighted, not physical aggregate or whole-economy change",Global unless stated otherwise,https://www.jpmorganchase.com/content/dam/jpmorganchase/documents/about/jpmc-sustainability-report-2024.pdf,p24 target table; p25 explanations,company reported; calculated inventory includes estimation,Not established for this metric,,jpmorgan-footprint.json
jpmorgan,JPM05,Portfolio output intensities and 2030 targets,[2].baseline_year,2019,Sector-specific; see each row,As of December31 2024; borrower emissions vintages can lag,"Carbon Compass in-scope global sector clients; lending, tax-oriented investments, capital markets; intensity is financing-weighted, not physical aggregate or whole-economy change",Global unless stated otherwise,https://www.jpmorganchase.com/content/dam/jpmorganchase/documents/about/jpmc-sustainability-report-2024.pdf,p24 target table; p25 explanations,company reported; calculated inventory includes estimation,Not established for this metric,,jpmorgan-footprint.json
jpmorgan,JPM05,Portfolio output intensities and 2030 targets,[2].baseline,342.6,Sector-specific; see each row,As of December31 2024; borrower emissions vintages can lag,"Carbon Compass in-scope global sector clients; lending, tax-oriented investments, capital markets; intensity is financing-weighted, not physical aggregate or whole-economy change",Global unless stated otherwise,https://www.jpmorganchase.com/content/dam/jpmorganchase/documents/about/jpmc-sustainability-report-2024.pdf,p24 target table; p25 explanations,company reported; calculated inventory includes estimation,Not established for this metric,,jpmorgan-footprint.json
jpmorgan,JPM05,Portfolio output intensities and 2030 targets,[2].as_of_2024,248.4,Sector-specific; see each row,As of December31 2024; borrower emissions vintages can lag,"Carbon Compass in-scope global sector clients; lending, tax-oriented investments, capital markets; intensity is financing-weighted, not physical aggregate or whole-economy change",Global unless stated otherwise,https://www.jpmorganchase.com/content/dam/jpmorganchase/documents/about/jpmc-sustainability-report-2024.pdf,p24 target table; p25 explanations,company reported; calculated inventory includes estimation,Not established for this metric,,jpmorgan-footprint.json
jpmorgan,JPM05,Portfolio output intensities and 2030 targets,[2].target_2030,105.3,Sector-specific; see each row,As of December31 2024; borrower emissions vintages can lag,"Carbon Compass in-scope global sector clients; lending, tax-oriented investments, capital markets; intensity is financing-weighted, not physical aggregate or whole-economy change",Global unless stated otherwise,https://www.jpmorganchase.com/content/dam/jpmorganchase/documents/about/jpmc-sustainability-report-2024.pdf,p24 target table; p25 explanations,company reported; calculated inventory includes estimation,Not established for this metric,,jpmorgan-footprint.json
jpmorgan,JPM05,Portfolio output intensities and 2030 targets,[2].reported_change_percent,-27.5,Sector-specific; see each row,As of December31 2024; borrower emissions vintages can lag,"Carbon Compass in-scope global sector clients; lending, tax-oriented investments, capital markets; intensity is financing-weighted, not physical aggregate or whole-economy change",Global unless stated otherwise,https://www.jpmorganchase.com/content/dam/jpmorganchase/documents/about/jpmc-sustainability-report-2024.pdf,p24 target table; p25 explanations,company reported; calculated inventory includes estimation,Not established for this metric,,jpmorgan-footprint.json
jpmorgan,JPM05,Portfolio output intensities and 2030 targets,[3].baseline_year,2019,Sector-specific; see each row,As of December31 2024; borrower emissions vintages can lag,"Carbon Compass in-scope global sector clients; lending, tax-oriented investments, capital markets; intensity is financing-weighted, not physical aggregate or whole-economy change",Global unless stated otherwise,https://www.jpmorganchase.com/content/dam/jpmorganchase/documents/about/jpmc-sustainability-report-2024.pdf,p24 target table; p25 explanations,company reported; calculated inventory includes estimation,Not established for this metric,,jpmorgan-footprint.json
jpmorgan,JPM05,Portfolio output intensities and 2030 targets,[3].baseline,164.8,Sector-specific; see each row,As of December31 2024; borrower emissions vintages can lag,"Carbon Compass in-scope global sector clients; lending, tax-oriented investments, capital markets; intensity is financing-weighted, not physical aggregate or whole-economy change",Global unless stated otherwise,https://www.jpmorganchase.com/content/dam/jpmorganchase/documents/about/jpmc-sustainability-report-2024.pdf,p24 target table; p25 explanations,company reported; calculated inventory includes estimation,Not established for this metric,,jpmorgan-footprint.json
jpmorgan,JPM05,Portfolio output intensities and 2030 targets,[3].as_of_2024,131.3,Sector-specific; see each row,As of December31 2024; borrower emissions vintages can lag,"Carbon Compass in-scope global sector clients; lending, tax-oriented investments, capital markets; intensity is financing-weighted, not physical aggregate or whole-economy change",Global unless stated otherwise,https://www.jpmorganchase.com/content/dam/jpmorganchase/documents/about/jpmc-sustainability-report-2024.pdf,p24 target table; p25 explanations,company reported; calculated inventory includes estimation,Not established for this metric,,jpmorgan-footprint.json
jpmorgan,JPM05,Portfolio output intensities and 2030 targets,[3].target_2030,86.1,Sector-specific; see each row,As of December31 2024; borrower emissions vintages can lag,"Carbon Compass in-scope global sector clients; lending, tax-oriented investments, capital markets; intensity is financing-weighted, not physical aggregate or whole-economy change",Global unless stated otherwise,https://www.jpmorganchase.com/content/dam/jpmorganchase/documents/about/jpmc-sustainability-report-2024.pdf,p24 target table; p25 explanations,company reported; calculated inventory includes estimation,Not established for this metric,,jpmorgan-footprint.json
jpmorgan,JPM05,Portfolio output intensities and 2030 targets,[3].reported_change_percent,-20.3,Sector-specific; see each row,As of December31 2024; borrower emissions vintages can lag,"Carbon Compass in-scope global sector clients; lending, tax-oriented investments, capital markets; intensity is financing-weighted, not physical aggregate or whole-economy change",Global unless stated otherwise,https://www.jpmorganchase.com/content/dam/jpmorganchase/documents/about/jpmc-sustainability-report-2024.pdf,p24 target table; p25 explanations,company reported; calculated inventory includes estimation,Not established for this metric,,jpmorgan-footprint.json
jpmorgan,JPM05,Portfolio output intensities and 2030 targets,[4].baseline_year,2021,Sector-specific; see each row,As of December31 2024; borrower emissions vintages can lag,"Carbon Compass in-scope global sector clients; lending, tax-oriented investments, capital markets; intensity is financing-weighted, not physical aggregate or whole-economy change",Global unless stated otherwise,https://www.jpmorganchase.com/content/dam/jpmorganchase/documents/about/jpmc-sustainability-report-2024.pdf,p24 target table; p25 explanations,company reported; calculated inventory includes estimation,Not established for this metric,,jpmorgan-footprint.json
jpmorgan,JPM05,Portfolio output intensities and 2030 targets,[4].baseline,972.6,Sector-specific; see each row,As of December31 2024; borrower emissions vintages can lag,"Carbon Compass in-scope global sector clients; lending, tax-oriented investments, capital markets; intensity is financing-weighted, not physical aggregate or whole-economy change",Global unless stated otherwise,https://www.jpmorganchase.com/content/dam/jpmorganchase/documents/about/jpmc-sustainability-report-2024.pdf,p24 target table; p25 explanations,company reported; calculated inventory includes estimation,Not established for this metric,,jpmorgan-footprint.json
jpmorgan,JPM05,Portfolio output intensities and 2030 targets,[4].as_of_2024,777.3,Sector-specific; see each row,As of December31 2024; borrower emissions vintages can lag,"Carbon Compass in-scope global sector clients; lending, tax-oriented investments, capital markets; intensity is financing-weighted, not physical aggregate or whole-economy change",Global unless stated otherwise,https://www.jpmorganchase.com/content/dam/jpmorganchase/documents/about/jpmc-sustainability-report-2024.pdf,p24 target table; p25 explanations,company reported; calculated inventory includes estimation,Not established for this metric,,jpmorgan-footprint.json
jpmorgan,JPM05,Portfolio output intensities and 2030 targets,[4].target_2030,625.0,Sector-specific; see each row,As of December31 2024; borrower emissions vintages can lag,"Carbon Compass in-scope global sector clients; lending, tax-oriented investments, capital markets; intensity is financing-weighted, not physical aggregate or whole-economy change",Global unless stated otherwise,https://www.jpmorganchase.com/content/dam/jpmorganchase/documents/about/jpmc-sustainability-report-2024.pdf,p24 target table; p25 explanations,company reported; calculated inventory includes estimation,Not established for this metric,,jpmorgan-footprint.json
jpmorgan,JPM05,Portfolio output intensities and 2030 targets,[4].reported_change_percent,-20.1,Sector-specific; see each row,As of December31 2024; borrower emissions vintages can lag,"Carbon Compass in-scope global sector clients; lending, tax-oriented investments, capital markets; intensity is financing-weighted, not physical aggregate or whole-economy change",Global unless stated otherwise,https://www.jpmorganchase.com/content/dam/jpmorganchase/documents/about/jpmc-sustainability-report-2024.pdf,p24 target table; p25 explanations,company reported; calculated inventory includes estimation,Not established for this metric,,jpmorgan-footprint.json
jpmorgan,JPM05,Portfolio output intensities and 2030 targets,[5].baseline_year,2021,Sector-specific; see each row,As of December31 2024; borrower emissions vintages can lag,"Carbon Compass in-scope global sector clients; lending, tax-oriented investments, capital markets; intensity is financing-weighted, not physical aggregate or whole-economy change",Global unless stated otherwise,https://www.jpmorganchase.com/content/dam/jpmorganchase/documents/about/jpmc-sustainability-report-2024.pdf,p24 target table; p25 explanations,company reported; calculated inventory includes estimation,Not established for this metric,,jpmorgan-footprint.json
jpmorgan,JPM05,Portfolio output intensities and 2030 targets,[5].baseline,10.9,Sector-specific; see each row,As of December31 2024; borrower emissions vintages can lag,"Carbon Compass in-scope global sector clients; lending, tax-oriented investments, capital markets; intensity is financing-weighted, not physical aggregate or whole-economy change",Global unless stated otherwise,https://www.jpmorganchase.com/content/dam/jpmorganchase/documents/about/jpmc-sustainability-report-2024.pdf,p24 target table; p25 explanations,company reported; calculated inventory includes estimation,Not established for this metric,,jpmorgan-footprint.json
jpmorgan,JPM05,Portfolio output intensities and 2030 targets,[5].as_of_2024,11.5,Sector-specific; see each row,As of December31 2024; borrower emissions vintages can lag,"Carbon Compass in-scope global sector clients; lending, tax-oriented investments, capital markets; intensity is financing-weighted, not physical aggregate or whole-economy change",Global unless stated otherwise,https://www.jpmorganchase.com/content/dam/jpmorganchase/documents/about/jpmc-sustainability-report-2024.pdf,p24 target table; p25 explanations,company reported; calculated inventory includes estimation,Not established for this metric,,jpmorgan-footprint.json
jpmorgan,JPM05,Portfolio output intensities and 2030 targets,[5].target_2030,8.4,Sector-specific; see each row,As of December31 2024; borrower emissions vintages can lag,"Carbon Compass in-scope global sector clients; lending, tax-oriented investments, capital markets; intensity is financing-weighted, not physical aggregate or whole-economy change",Global unless stated otherwise,https://www.jpmorganchase.com/content/dam/jpmorganchase/documents/about/jpmc-sustainability-report-2024.pdf,p24 target table; p25 explanations,company reported; calculated inventory includes estimation,Not established for this metric,,jpmorgan-footprint.json
jpmorgan,JPM05,Portfolio output intensities and 2030 targets,[5].reported_change_percent,5.7,Sector-specific; see each row,As of December31 2024; borrower emissions vintages can lag,"Carbon Compass in-scope global sector clients; lending, tax-oriented investments, capital markets; intensity is financing-weighted, not physical aggregate or whole-economy change",Global unless stated otherwise,https://www.jpmorganchase.com/content/dam/jpmorganchase/documents/about/jpmc-sustainability-report-2024.pdf,p24 target table; p25 explanations,company reported; calculated inventory includes estimation,Not established for this metric,,jpmorgan-footprint.json
jpmorgan,JPM05,Portfolio output intensities and 2030 targets,[5].baseline_restated_from,11.4,Sector-specific; see each row,As of December31 2024; borrower emissions vintages can lag,"Carbon Compass in-scope global sector clients; lending, tax-oriented investments, capital markets; intensity is financing-weighted, not physical aggregate or whole-economy change",Global unless stated otherwise,https://www.jpmorganchase.com/content/dam/jpmorganchase/documents/about/jpmc-sustainability-report-2024.pdf,p24 target table; p25 explanations,company reported; calculated inventory includes estimation,Not established for this metric,,jpmorgan-footprint.json
jpmorgan,JPM05,Portfolio output intensities and 2030 targets,[6].baseline_year,2020,Sector-specific; see each row,As of December31 2024; borrower emissions vintages can lag,"Carbon Compass in-scope global sector clients; lending, tax-oriented investments, capital markets; intensity is financing-weighted, not physical aggregate or whole-economy change",Global unless stated otherwise,https://www.jpmorganchase.com/content/dam/jpmorganchase/documents/about/jpmc-sustainability-report-2024.pdf,p24 target table; p25 explanations,company reported; calculated inventory includes estimation,Not established for this metric,,jpmorgan-footprint.json
jpmorgan,JPM05,Portfolio output intensities and 2030 targets,[6].baseline,1.412,Sector-specific; see each row,As of December31 2024; borrower emissions vintages can lag,"Carbon Compass in-scope global sector clients; lending, tax-oriented investments, capital markets; intensity is financing-weighted, not physical aggregate or whole-economy change",Global unless stated otherwise,https://www.jpmorganchase.com/content/dam/jpmorganchase/documents/about/jpmc-sustainability-report-2024.pdf,p24 target table; p25 explanations,company reported; calculated inventory includes estimation,Not established for this metric,,jpmorgan-footprint.json
jpmorgan,JPM05,Portfolio output intensities and 2030 targets,[6].as_of_2024,1.291,Sector-specific; see each row,As of December31 2024; borrower emissions vintages can lag,"Carbon Compass in-scope global sector clients; lending, tax-oriented investments, capital markets; intensity is financing-weighted, not physical aggregate or whole-economy change",Global unless stated otherwise,https://www.jpmorganchase.com/content/dam/jpmorganchase/documents/about/jpmc-sustainability-report-2024.pdf,p24 target table; p25 explanations,company reported; calculated inventory includes estimation,Not established for this metric,,jpmorgan-footprint.json
jpmorgan,JPM05,Portfolio output intensities and 2030 targets,[6].target_2030,0.981,Sector-specific; see each row,As of December31 2024; borrower emissions vintages can lag,"Carbon Compass in-scope global sector clients; lending, tax-oriented investments, capital markets; intensity is financing-weighted, not physical aggregate or whole-economy change",Global unless stated otherwise,https://www.jpmorganchase.com/content/dam/jpmorganchase/documents/about/jpmc-sustainability-report-2024.pdf,p24 target table; p25 explanations,company reported; calculated inventory includes estimation,Not established for this metric,,jpmorgan-footprint.json
jpmorgan,JPM05,Portfolio output intensities and 2030 targets,[6].reported_change_percent,-8.6,Sector-specific; see each row,As of December31 2024; borrower emissions vintages can lag,"Carbon Compass in-scope global sector clients; lending, tax-oriented investments, capital markets; intensity is financing-weighted, not physical aggregate or whole-economy change",Global unless stated otherwise,https://www.jpmorganchase.com/content/dam/jpmorganchase/documents/about/jpmc-sustainability-report-2024.pdf,p24 target table; p25 explanations,company reported; calculated inventory includes estimation,Not established for this metric,,jpmorgan-footprint.json
jpmorgan,JPM05,Portfolio output intensities and 2030 targets,[7].baseline_year,2020,Sector-specific; see each row,As of December31 2024; borrower emissions vintages can lag,"Carbon Compass in-scope global sector clients; lending, tax-oriented investments, capital markets; intensity is financing-weighted, not physical aggregate or whole-economy change",Global unless stated otherwise,https://www.jpmorganchase.com/content/dam/jpmorganchase/documents/about/jpmc-sustainability-report-2024.pdf,p24 target table; p25 explanations,company reported; calculated inventory includes estimation,Not established for this metric,,jpmorgan-footprint.json
jpmorgan,JPM05,Portfolio output intensities and 2030 targets,[7].baseline,639.3,Sector-specific; see each row,As of December31 2024; borrower emissions vintages can lag,"Carbon Compass in-scope global sector clients; lending, tax-oriented investments, capital markets; intensity is financing-weighted, not physical aggregate or whole-economy change",Global unless stated otherwise,https://www.jpmorganchase.com/content/dam/jpmorganchase/documents/about/jpmc-sustainability-report-2024.pdf,p24 target table; p25 explanations,company reported; calculated inventory includes estimation,Not established for this metric,,jpmorgan-footprint.json
jpmorgan,JPM05,Portfolio output intensities and 2030 targets,[7].as_of_2024,619.6,Sector-specific; see each row,As of December31 2024; borrower emissions vintages can lag,"Carbon Compass in-scope global sector clients; lending, tax-oriented investments, capital markets; intensity is financing-weighted, not physical aggregate or whole-economy change",Global unless stated otherwise,https://www.jpmorganchase.com/content/dam/jpmorganchase/documents/about/jpmc-sustainability-report-2024.pdf,p24 target table; p25 explanations,company reported; calculated inventory includes estimation,Not established for this metric,,jpmorgan-footprint.json
jpmorgan,JPM05,Portfolio output intensities and 2030 targets,[7].target_2030,460,Sector-specific; see each row,As of December31 2024; borrower emissions vintages can lag,"Carbon Compass in-scope global sector clients; lending, tax-oriented investments, capital markets; intensity is financing-weighted, not physical aggregate or whole-economy change",Global unless stated otherwise,https://www.jpmorganchase.com/content/dam/jpmorganchase/documents/about/jpmc-sustainability-report-2024.pdf,p24 target table; p25 explanations,company reported; calculated inventory includes estimation,Not established for this metric,,jpmorgan-footprint.json
jpmorgan,JPM05,Portfolio output intensities and 2030 targets,[7].reported_change_percent,-3.1,Sector-specific; see each row,As of December31 2024; borrower emissions vintages can lag,"Carbon Compass in-scope global sector clients; lending, tax-oriented investments, capital markets; intensity is financing-weighted, not physical aggregate or whole-economy change",Global unless stated otherwise,https://www.jpmorganchase.com/content/dam/jpmorganchase/documents/about/jpmc-sustainability-report-2024.pdf,p24 target table; p25 explanations,company reported; calculated inventory includes estimation,Not established for this metric,,jpmorgan-footprint.json
jpmorgan,JPM05,Portfolio output intensities and 2030 targets,[8].baseline_year,2021,Sector-specific; see each row,As of December31 2024; borrower emissions vintages can lag,"Carbon Compass in-scope global sector clients; lending, tax-oriented investments, capital markets; intensity is financing-weighted, not physical aggregate or whole-economy change",Global unless stated otherwise,https://www.jpmorganchase.com/content/dam/jpmorganchase/documents/about/jpmc-sustainability-report-2024.pdf,p24 target table; p25 explanations,company reported; calculated inventory includes estimation,Not established for this metric,,jpmorgan-footprint.json
jpmorgan,JPM05,Portfolio output intensities and 2030 targets,[8].baseline,8.6,Sector-specific; see each row,As of December31 2024; borrower emissions vintages can lag,"Carbon Compass in-scope global sector clients; lending, tax-oriented investments, capital markets; intensity is financing-weighted, not physical aggregate or whole-economy change",Global unless stated otherwise,https://www.jpmorganchase.com/content/dam/jpmorganchase/documents/about/jpmc-sustainability-report-2024.pdf,p24 target table; p25 explanations,company reported; calculated inventory includes estimation,Not established for this metric,,jpmorgan-footprint.json
jpmorgan,JPM05,Portfolio output intensities and 2030 targets,[8].as_of_2024,9.5,Sector-specific; see each row,As of December31 2024; borrower emissions vintages can lag,"Carbon Compass in-scope global sector clients; lending, tax-oriented investments, capital markets; intensity is financing-weighted, not physical aggregate or whole-economy change",Global unless stated otherwise,https://www.jpmorganchase.com/content/dam/jpmorganchase/documents/about/jpmc-sustainability-report-2024.pdf,p24 target table; p25 explanations,company reported; calculated inventory includes estimation,Not established for this metric,,jpmorgan-footprint.json
jpmorgan,JPM05,Portfolio output intensities and 2030 targets,[8].target_2030,6.5,Sector-specific; see each row,As of December31 2024; borrower emissions vintages can lag,"Carbon Compass in-scope global sector clients; lending, tax-oriented investments, capital markets; intensity is financing-weighted, not physical aggregate or whole-economy change",Global unless stated otherwise,https://www.jpmorganchase.com/content/dam/jpmorganchase/documents/about/jpmc-sustainability-report-2024.pdf,p24 target table; p25 explanations,company reported; calculated inventory includes estimation,Not established for this metric,,jpmorgan-footprint.json
jpmorgan,JPM05,Portfolio output intensities and 2030 targets,[8].reported_change_percent,10.4,Sector-specific; see each row,As of December31 2024; borrower emissions vintages can lag,"Carbon Compass in-scope global sector clients; lending, tax-oriented investments, capital markets; intensity is financing-weighted, not physical aggregate or whole-economy change",Global unless stated otherwise,https://www.jpmorganchase.com/content/dam/jpmorganchase/documents/about/jpmc-sustainability-report-2024.pdf,p24 target table; p25 explanations,company reported; calculated inventory includes estimation,Not established for this metric,,jpmorgan-footprint.json
jpmorgan,JPM06,Carbon Compass absolute attributed emissions,[0].financed_MtCO2e,84.4,MtCO2e; economic intensity tCO2e/million USD,2024,12-month monthly-average committed lending; monthly-average outstanding tax-oriented investments; 100% of bank transaction share on 3-year rolling basis for capital markets; 3-year average EVIC or debt+equity,Global unless stated otherwise,https://www.jpmorganchase.com/content/dam/jpmorganchase/documents/about/jpmc-sustainability-report-2024.pdf,p26 table and footnotes; p64 comparison,Company reported model allocation of client inventory/proxies; not direct measurement or causal attribution,Not established for this metric,,jpmorgan-footprint.json
jpmorgan,JPM06,Carbon Compass absolute attributed emissions,[0].facilitated_MtCO2e,42.9,MtCO2e; economic intensity tCO2e/million USD,2024,12-month monthly-average committed lending; monthly-average outstanding tax-oriented investments; 100% of bank transaction share on 3-year rolling basis for capital markets; 3-year average EVIC or debt+equity,Global unless stated otherwise,https://www.jpmorganchase.com/content/dam/jpmorganchase/documents/about/jpmc-sustainability-report-2024.pdf,p26 table and footnotes; p64 comparison,Company reported model allocation of client inventory/proxies; not direct measurement or causal attribution,Not established for this metric,,jpmorgan-footprint.json
jpmorgan,JPM06,Carbon Compass absolute attributed emissions,[0].financed_tCO2e_per_million_USD,1876.2,MtCO2e; economic intensity tCO2e/million USD,2024,12-month monthly-average committed lending; monthly-average outstanding tax-oriented investments; 100% of bank transaction share on 3-year rolling basis for capital markets; 3-year average EVIC or debt+equity,Global unless stated otherwise,https://www.jpmorganchase.com/content/dam/jpmorganchase/documents/about/jpmc-sustainability-report-2024.pdf,p26 table and footnotes; p64 comparison,Company reported model allocation of client inventory/proxies; not direct measurement or causal attribution,Not established for this metric,,jpmorgan-footprint.json
jpmorgan,JPM06,Carbon Compass absolute attributed emissions,[0].facilitated_tCO2e_per_million_USD,2961.8,MtCO2e; economic intensity tCO2e/million USD,2024,12-month monthly-average committed lending; monthly-average outstanding tax-oriented investments; 100% of bank transaction share on 3-year rolling basis for capital markets; 3-year average EVIC or debt+equity,Global unless stated otherwise,https://www.jpmorganchase.com/content/dam/jpmorganchase/documents/about/jpmc-sustainability-report-2024.pdf,p26 table and footnotes; p64 comparison,Company reported model allocation of client inventory/proxies; not direct measurement or causal attribution,Not established for this metric,,jpmorgan-footprint.json
jpmorgan,JPM06,Carbon Compass absolute attributed emissions,[0].data_quality_1_best_5_worst,3.1,MtCO2e; economic intensity tCO2e/million USD,2024,12-month monthly-average committed lending; monthly-average outstanding tax-oriented investments; 100% of bank transaction share on 3-year rolling basis for capital markets; 3-year average EVIC or debt+equity,Global unless stated otherwise,https://www.jpmorganchase.com/content/dam/jpmorganchase/documents/about/jpmc-sustainability-report-2024.pdf,p26 table and footnotes; p64 comparison,Company reported model allocation of client inventory/proxies; not direct measurement or causal attribution,Not established for this metric,,jpmorgan-footprint.json
jpmorgan,JPM06,Carbon Compass absolute attributed emissions,[1].financed_MtCO2e,4.3,MtCO2e; economic intensity tCO2e/million USD,2024,12-month monthly-average committed lending; monthly-average outstanding tax-oriented investments; 100% of bank transaction share on 3-year rolling basis for capital markets; 3-year average EVIC or debt+equity,Global unless stated otherwise,https://www.jpmorganchase.com/content/dam/jpmorganchase/documents/about/jpmc-sustainability-report-2024.pdf,p26 table and footnotes; p64 comparison,Company reported model allocation of client inventory/proxies; not direct measurement or causal attribution,Not established for this metric,,jpmorgan-footprint.json
jpmorgan,JPM06,Carbon Compass absolute attributed emissions,[1].facilitated_MtCO2e,2.9,MtCO2e; economic intensity tCO2e/million USD,2024,12-month monthly-average committed lending; monthly-average outstanding tax-oriented investments; 100% of bank transaction share on 3-year rolling basis for capital markets; 3-year average EVIC or debt+equity,Global unless stated otherwise,https://www.jpmorganchase.com/content/dam/jpmorganchase/documents/about/jpmc-sustainability-report-2024.pdf,p26 table and footnotes; p64 comparison,Company reported model allocation of client inventory/proxies; not direct measurement or causal attribution,Not established for this metric,,jpmorgan-footprint.json
jpmorgan,JPM06,Carbon Compass absolute attributed emissions,[1].financed_tCO2e_per_million_USD,212.2,MtCO2e; economic intensity tCO2e/million USD,2024,12-month monthly-average committed lending; monthly-average outstanding tax-oriented investments; 100% of bank transaction share on 3-year rolling basis for capital markets; 3-year average EVIC or debt+equity,Global unless stated otherwise,https://www.jpmorganchase.com/content/dam/jpmorganchase/documents/about/jpmc-sustainability-report-2024.pdf,p26 table and footnotes; p64 comparison,Company reported model allocation of client inventory/proxies; not direct measurement or causal attribution,Not established for this metric,,jpmorgan-footprint.json
jpmorgan,JPM06,Carbon Compass absolute attributed emissions,[1].facilitated_tCO2e_per_million_USD,404.1,MtCO2e; economic intensity tCO2e/million USD,2024,12-month monthly-average committed lending; monthly-average outstanding tax-oriented investments; 100% of bank transaction share on 3-year rolling basis for capital markets; 3-year average EVIC or debt+equity,Global unless stated otherwise,https://www.jpmorganchase.com/content/dam/jpmorganchase/documents/about/jpmc-sustainability-report-2024.pdf,p26 table and footnotes; p64 comparison,Company reported model allocation of client inventory/proxies; not direct measurement or causal attribution,Not established for this metric,,jpmorgan-footprint.json
jpmorgan,JPM06,Carbon Compass absolute attributed emissions,[1].data_quality_1_best_5_worst,3.2,MtCO2e; economic intensity tCO2e/million USD,2024,12-month monthly-average committed lending; monthly-average outstanding tax-oriented investments; 100% of bank transaction share on 3-year rolling basis for capital markets; 3-year average EVIC or debt+equity,Global unless stated otherwise,https://www.jpmorganchase.com/content/dam/jpmorganchase/documents/about/jpmc-sustainability-report-2024.pdf,p26 table and footnotes; p64 comparison,Company reported model allocation of client inventory/proxies; not direct measurement or causal attribution,Not established for this metric,,jpmorgan-footprint.json
jpmorgan,JPM06,Carbon Compass absolute attributed emissions,[2].financed_MtCO2e,21.1,MtCO2e; economic intensity tCO2e/million USD,2024,12-month monthly-average committed lending; monthly-average outstanding tax-oriented investments; 100% of bank transaction share on 3-year rolling basis for capital markets; 3-year average EVIC or debt+equity,Global unless stated otherwise,https://www.jpmorganchase.com/content/dam/jpmorganchase/documents/about/jpmc-sustainability-report-2024.pdf,p26 table and footnotes; p64 comparison,Company reported model allocation of client inventory/proxies; not direct measurement or causal attribution,Not established for this metric,,jpmorgan-footprint.json
jpmorgan,JPM06,Carbon Compass absolute attributed emissions,[2].facilitated_MtCO2e,6.3,MtCO2e; economic intensity tCO2e/million USD,2024,12-month monthly-average committed lending; monthly-average outstanding tax-oriented investments; 100% of bank transaction share on 3-year rolling basis for capital markets; 3-year average EVIC or debt+equity,Global unless stated otherwise,https://www.jpmorganchase.com/content/dam/jpmorganchase/documents/about/jpmc-sustainability-report-2024.pdf,p26 table and footnotes; p64 comparison,Company reported model allocation of client inventory/proxies; not direct measurement or causal attribution,Not established for this metric,,jpmorgan-footprint.json
jpmorgan,JPM06,Carbon Compass absolute attributed emissions,[2].financed_tCO2e_per_million_USD,515.3,MtCO2e; economic intensity tCO2e/million USD,2024,12-month monthly-average committed lending; monthly-average outstanding tax-oriented investments; 100% of bank transaction share on 3-year rolling basis for capital markets; 3-year average EVIC or debt+equity,Global unless stated otherwise,https://www.jpmorganchase.com/content/dam/jpmorganchase/documents/about/jpmc-sustainability-report-2024.pdf,p26 table and footnotes; p64 comparison,Company reported model allocation of client inventory/proxies; not direct measurement or causal attribution,Not established for this metric,,jpmorgan-footprint.json
jpmorgan,JPM06,Carbon Compass absolute attributed emissions,[2].facilitated_tCO2e_per_million_USD,438.8,MtCO2e; economic intensity tCO2e/million USD,2024,12-month monthly-average committed lending; monthly-average outstanding tax-oriented investments; 100% of bank transaction share on 3-year rolling basis for capital markets; 3-year average EVIC or debt+equity,Global unless stated otherwise,https://www.jpmorganchase.com/content/dam/jpmorganchase/documents/about/jpmc-sustainability-report-2024.pdf,p26 table and footnotes; p64 comparison,Company reported model allocation of client inventory/proxies; not direct measurement or causal attribution,Not established for this metric,,jpmorgan-footprint.json
jpmorgan,JPM06,Carbon Compass absolute attributed emissions,[2].data_quality_1_best_5_worst,3.1,MtCO2e; economic intensity tCO2e/million USD,2024,12-month monthly-average committed lending; monthly-average outstanding tax-oriented investments; 100% of bank transaction share on 3-year rolling basis for capital markets; 3-year average EVIC or debt+equity,Global unless stated otherwise,https://www.jpmorganchase.com/content/dam/jpmorganchase/documents/about/jpmc-sustainability-report-2024.pdf,p26 table and footnotes; p64 comparison,Company reported model allocation of client inventory/proxies; not direct measurement or causal attribution,Not established for this metric,,jpmorgan-footprint.json
jpmorgan,JPM06,Carbon Compass absolute attributed emissions,[3].financed_MtCO2e,2.2,MtCO2e; economic intensity tCO2e/million USD,2024,12-month monthly-average committed lending; monthly-average outstanding tax-oriented investments; 100% of bank transaction share on 3-year rolling basis for capital markets; 3-year average EVIC or debt+equity,Global unless stated otherwise,https://www.jpmorganchase.com/content/dam/jpmorganchase/documents/about/jpmc-sustainability-report-2024.pdf,p26 table and footnotes; p64 comparison,Company reported model allocation of client inventory/proxies; not direct measurement or causal attribution,Not established for this metric,,jpmorgan-footprint.json
jpmorgan,JPM06,Carbon Compass absolute attributed emissions,[3].facilitated_MtCO2e,1.0,MtCO2e; economic intensity tCO2e/million USD,2024,12-month monthly-average committed lending; monthly-average outstanding tax-oriented investments; 100% of bank transaction share on 3-year rolling basis for capital markets; 3-year average EVIC or debt+equity,Global unless stated otherwise,https://www.jpmorganchase.com/content/dam/jpmorganchase/documents/about/jpmc-sustainability-report-2024.pdf,p26 table and footnotes; p64 comparison,Company reported model allocation of client inventory/proxies; not direct measurement or causal attribution,Not established for this metric,,jpmorgan-footprint.json
jpmorgan,JPM06,Carbon Compass absolute attributed emissions,[3].financed_tCO2e_per_million_USD,511.6,MtCO2e; economic intensity tCO2e/million USD,2024,12-month monthly-average committed lending; monthly-average outstanding tax-oriented investments; 100% of bank transaction share on 3-year rolling basis for capital markets; 3-year average EVIC or debt+equity,Global unless stated otherwise,https://www.jpmorganchase.com/content/dam/jpmorganchase/documents/about/jpmc-sustainability-report-2024.pdf,p26 table and footnotes; p64 comparison,Company reported model allocation of client inventory/proxies; not direct measurement or causal attribution,Not established for this metric,,jpmorgan-footprint.json
jpmorgan,JPM06,Carbon Compass absolute attributed emissions,[3].facilitated_tCO2e_per_million_USD,457.0,MtCO2e; economic intensity tCO2e/million USD,2024,12-month monthly-average committed lending; monthly-average outstanding tax-oriented investments; 100% of bank transaction share on 3-year rolling basis for capital markets; 3-year average EVIC or debt+equity,Global unless stated otherwise,https://www.jpmorganchase.com/content/dam/jpmorganchase/documents/about/jpmc-sustainability-report-2024.pdf,p26 table and footnotes; p64 comparison,Company reported model allocation of client inventory/proxies; not direct measurement or causal attribution,Not established for this metric,,jpmorgan-footprint.json
jpmorgan,JPM06,Carbon Compass absolute attributed emissions,[3].data_quality_1_best_5_worst,3.1,MtCO2e; economic intensity tCO2e/million USD,2024,12-month monthly-average committed lending; monthly-average outstanding tax-oriented investments; 100% of bank transaction share on 3-year rolling basis for capital markets; 3-year average EVIC or debt+equity,Global unless stated otherwise,https://www.jpmorganchase.com/content/dam/jpmorganchase/documents/about/jpmc-sustainability-report-2024.pdf,p26 table and footnotes; p64 comparison,Company reported model allocation of client inventory/proxies; not direct measurement or causal attribution,Not established for this metric,,jpmorgan-footprint.json
jpmorgan,JPM06,Carbon Compass absolute attributed emissions,[4].financed_MtCO2e,1.2,MtCO2e; economic intensity tCO2e/million USD,2024,12-month monthly-average committed lending; monthly-average outstanding tax-oriented investments; 100% of bank transaction share on 3-year rolling basis for capital markets; 3-year average EVIC or debt+equity,Global unless stated otherwise,https://www.jpmorganchase.com/content/dam/jpmorganchase/documents/about/jpmc-sustainability-report-2024.pdf,p26 table and footnotes; p64 comparison,Company reported model allocation of client inventory/proxies; not direct measurement or causal attribution,Not established for this metric,,jpmorgan-footprint.json
jpmorgan,JPM06,Carbon Compass absolute attributed emissions,[4].facilitated_MtCO2e,0.6,MtCO2e; economic intensity tCO2e/million USD,2024,12-month monthly-average committed lending; monthly-average outstanding tax-oriented investments; 100% of bank transaction share on 3-year rolling basis for capital markets; 3-year average EVIC or debt+equity,Global unless stated otherwise,https://www.jpmorganchase.com/content/dam/jpmorganchase/documents/about/jpmc-sustainability-report-2024.pdf,p26 table and footnotes; p64 comparison,Company reported model allocation of client inventory/proxies; not direct measurement or causal attribution,Not established for this metric,,jpmorgan-footprint.json
jpmorgan,JPM06,Carbon Compass absolute attributed emissions,[4].financed_tCO2e_per_million_USD,762.3,MtCO2e; economic intensity tCO2e/million USD,2024,12-month monthly-average committed lending; monthly-average outstanding tax-oriented investments; 100% of bank transaction share on 3-year rolling basis for capital markets; 3-year average EVIC or debt+equity,Global unless stated otherwise,https://www.jpmorganchase.com/content/dam/jpmorganchase/documents/about/jpmc-sustainability-report-2024.pdf,p26 table and footnotes; p64 comparison,Company reported model allocation of client inventory/proxies; not direct measurement or causal attribution,Not established for this metric,,jpmorgan-footprint.json
jpmorgan,JPM06,Carbon Compass absolute attributed emissions,[4].facilitated_tCO2e_per_million_USD,766.6,MtCO2e; economic intensity tCO2e/million USD,2024,12-month monthly-average committed lending; monthly-average outstanding tax-oriented investments; 100% of bank transaction share on 3-year rolling basis for capital markets; 3-year average EVIC or debt+equity,Global unless stated otherwise,https://www.jpmorganchase.com/content/dam/jpmorganchase/documents/about/jpmc-sustainability-report-2024.pdf,p26 table and footnotes; p64 comparison,Company reported model allocation of client inventory/proxies; not direct measurement or causal attribution,Not established for this metric,,jpmorgan-footprint.json
jpmorgan,JPM06,Carbon Compass absolute attributed emissions,[4].data_quality_1_best_5_worst,3.0,MtCO2e; economic intensity tCO2e/million USD,2024,12-month monthly-average committed lending; monthly-average outstanding tax-oriented investments; 100% of bank transaction share on 3-year rolling basis for capital markets; 3-year average EVIC or debt+equity,Global unless stated otherwise,https://www.jpmorganchase.com/content/dam/jpmorganchase/documents/about/jpmc-sustainability-report-2024.pdf,p26 table and footnotes; p64 comparison,Company reported model allocation of client inventory/proxies; not direct measurement or causal attribution,Not established for this metric,,jpmorgan-footprint.json
jpmorgan,JPM06,Carbon Compass absolute attributed emissions,[5].financed_MtCO2e,0.2,MtCO2e; economic intensity tCO2e/million USD,2024,12-month monthly-average committed lending; monthly-average outstanding tax-oriented investments; 100% of bank transaction share on 3-year rolling basis for capital markets; 3-year average EVIC or debt+equity,Global unless stated otherwise,https://www.jpmorganchase.com/content/dam/jpmorganchase/documents/about/jpmc-sustainability-report-2024.pdf,p26 table and footnotes; p64 comparison,Company reported model allocation of client inventory/proxies; not direct measurement or causal attribution,Not established for this metric,,jpmorgan-footprint.json
jpmorgan,JPM06,Carbon Compass absolute attributed emissions,[5].facilitated_MtCO2e,0.1,MtCO2e; economic intensity tCO2e/million USD,2024,12-month monthly-average committed lending; monthly-average outstanding tax-oriented investments; 100% of bank transaction share on 3-year rolling basis for capital markets; 3-year average EVIC or debt+equity,Global unless stated otherwise,https://www.jpmorganchase.com/content/dam/jpmorganchase/documents/about/jpmc-sustainability-report-2024.pdf,p26 table and footnotes; p64 comparison,Company reported model allocation of client inventory/proxies; not direct measurement or causal attribution,Not established for this metric,,jpmorgan-footprint.json
jpmorgan,JPM06,Carbon Compass absolute attributed emissions,[5].financed_tCO2e_per_million_USD,395.5,MtCO2e; economic intensity tCO2e/million USD,2024,12-month monthly-average committed lending; monthly-average outstanding tax-oriented investments; 100% of bank transaction share on 3-year rolling basis for capital markets; 3-year average EVIC or debt+equity,Global unless stated otherwise,https://www.jpmorganchase.com/content/dam/jpmorganchase/documents/about/jpmc-sustainability-report-2024.pdf,p26 table and footnotes; p64 comparison,Company reported model allocation of client inventory/proxies; not direct measurement or causal attribution,Not established for this metric,,jpmorgan-footprint.json
jpmorgan,JPM06,Carbon Compass absolute attributed emissions,[5].facilitated_tCO2e_per_million_USD,306.4,MtCO2e; economic intensity tCO2e/million USD,2024,12-month monthly-average committed lending; monthly-average outstanding tax-oriented investments; 100% of bank transaction share on 3-year rolling basis for capital markets; 3-year average EVIC or debt+equity,Global unless stated otherwise,https://www.jpmorganchase.com/content/dam/jpmorganchase/documents/about/jpmc-sustainability-report-2024.pdf,p26 table and footnotes; p64 comparison,Company reported model allocation of client inventory/proxies; not direct measurement or causal attribution,Not established for this metric,,jpmorgan-footprint.json
jpmorgan,JPM06,Carbon Compass absolute attributed emissions,[5].data_quality_1_best_5_worst,2.6,MtCO2e; economic intensity tCO2e/million USD,2024,12-month monthly-average committed lending; monthly-average outstanding tax-oriented investments; 100% of bank transaction share on 3-year rolling basis for capital markets; 3-year average EVIC or debt+equity,Global unless stated otherwise,https://www.jpmorganchase.com/content/dam/jpmorganchase/documents/about/jpmc-sustainability-report-2024.pdf,p26 table and footnotes; p64 comparison,Company reported model allocation of client inventory/proxies; not direct measurement or causal attribution,Not established for this metric,,jpmorgan-footprint.json
jpmorgan,JPM06,Carbon Compass absolute attributed emissions,[6].financed_MtCO2e,3.4,MtCO2e; economic intensity tCO2e/million USD,2024,12-month monthly-average committed lending; monthly-average outstanding tax-oriented investments; 100% of bank transaction share on 3-year rolling basis for capital markets; 3-year average EVIC or debt+equity,Global unless stated otherwise,https://www.jpmorganchase.com/content/dam/jpmorganchase/documents/about/jpmc-sustainability-report-2024.pdf,p26 table and footnotes; p64 comparison,Company reported model allocation of client inventory/proxies; not direct measurement or causal attribution,Not established for this metric,,jpmorgan-footprint.json
jpmorgan,JPM06,Carbon Compass absolute attributed emissions,[6].facilitated_MtCO2e,1,MtCO2e; economic intensity tCO2e/million USD,2024,12-month monthly-average committed lending; monthly-average outstanding tax-oriented investments; 100% of bank transaction share on 3-year rolling basis for capital markets; 3-year average EVIC or debt+equity,Global unless stated otherwise,https://www.jpmorganchase.com/content/dam/jpmorganchase/documents/about/jpmc-sustainability-report-2024.pdf,p26 table and footnotes; p64 comparison,Company reported model allocation of client inventory/proxies; not direct measurement or causal attribution,Not established for this metric,,jpmorgan-footprint.json
jpmorgan,JPM06,Carbon Compass absolute attributed emissions,[6].financed_tCO2e_per_million_USD,1592.6,MtCO2e; economic intensity tCO2e/million USD,2024,12-month monthly-average committed lending; monthly-average outstanding tax-oriented investments; 100% of bank transaction share on 3-year rolling basis for capital markets; 3-year average EVIC or debt+equity,Global unless stated otherwise,https://www.jpmorganchase.com/content/dam/jpmorganchase/documents/about/jpmc-sustainability-report-2024.pdf,p26 table and footnotes; p64 comparison,Company reported model allocation of client inventory/proxies; not direct measurement or causal attribution,Not established for this metric,,jpmorgan-footprint.json
jpmorgan,JPM06,Carbon Compass absolute attributed emissions,[6].facilitated_tCO2e_per_million_USD,1504.3,MtCO2e; economic intensity tCO2e/million USD,2024,12-month monthly-average committed lending; monthly-average outstanding tax-oriented investments; 100% of bank transaction share on 3-year rolling basis for capital markets; 3-year average EVIC or debt+equity,Global unless stated otherwise,https://www.jpmorganchase.com/content/dam/jpmorganchase/documents/about/jpmc-sustainability-report-2024.pdf,p26 table and footnotes; p64 comparison,Company reported model allocation of client inventory/proxies; not direct measurement or causal attribution,Not established for this metric,,jpmorgan-footprint.json
jpmorgan,JPM06,Carbon Compass absolute attributed emissions,[6].data_quality_1_best_5_worst,1.2,MtCO2e; economic intensity tCO2e/million USD,2024,12-month monthly-average committed lending; monthly-average outstanding tax-oriented investments; 100% of bank transaction share on 3-year rolling basis for capital markets; 3-year average EVIC or debt+equity,Global unless stated otherwise,https://www.jpmorganchase.com/content/dam/jpmorganchase/documents/about/jpmc-sustainability-report-2024.pdf,p26 table and footnotes; p64 comparison,Company reported model allocation of client inventory/proxies; not direct measurement or causal attribution,Not established for this metric,,jpmorgan-footprint.json
jpmorgan,JPM06,Carbon Compass absolute attributed emissions,[7].financed_MtCO2e,1.4,MtCO2e; economic intensity tCO2e/million USD,2024,12-month monthly-average committed lending; monthly-average outstanding tax-oriented investments; 100% of bank transaction share on 3-year rolling basis for capital markets; 3-year average EVIC or debt+equity,Global unless stated otherwise,https://www.jpmorganchase.com/content/dam/jpmorganchase/documents/about/jpmc-sustainability-report-2024.pdf,p26 table and footnotes; p64 comparison,Company reported model allocation of client inventory/proxies; not direct measurement or causal attribution,Not established for this metric,,jpmorgan-footprint.json
jpmorgan,JPM06,Carbon Compass absolute attributed emissions,[7].facilitated_MtCO2e,0.3,MtCO2e; economic intensity tCO2e/million USD,2024,12-month monthly-average committed lending; monthly-average outstanding tax-oriented investments; 100% of bank transaction share on 3-year rolling basis for capital markets; 3-year average EVIC or debt+equity,Global unless stated otherwise,https://www.jpmorganchase.com/content/dam/jpmorganchase/documents/about/jpmc-sustainability-report-2024.pdf,p26 table and footnotes; p64 comparison,Company reported model allocation of client inventory/proxies; not direct measurement or causal attribution,Not established for this metric,,jpmorgan-footprint.json
jpmorgan,JPM06,Carbon Compass absolute attributed emissions,[7].financed_tCO2e_per_million_USD,1310.5,MtCO2e; economic intensity tCO2e/million USD,2024,12-month monthly-average committed lending; monthly-average outstanding tax-oriented investments; 100% of bank transaction share on 3-year rolling basis for capital markets; 3-year average EVIC or debt+equity,Global unless stated otherwise,https://www.jpmorganchase.com/content/dam/jpmorganchase/documents/about/jpmc-sustainability-report-2024.pdf,p26 table and footnotes; p64 comparison,Company reported model allocation of client inventory/proxies; not direct measurement or causal attribution,Not established for this metric,,jpmorgan-footprint.json
jpmorgan,JPM06,Carbon Compass absolute attributed emissions,[7].facilitated_tCO2e_per_million_USD,1113.3,MtCO2e; economic intensity tCO2e/million USD,2024,12-month monthly-average committed lending; monthly-average outstanding tax-oriented investments; 100% of bank transaction share on 3-year rolling basis for capital markets; 3-year average EVIC or debt+equity,Global unless stated otherwise,https://www.jpmorganchase.com/content/dam/jpmorganchase/documents/about/jpmc-sustainability-report-2024.pdf,p26 table and footnotes; p64 comparison,Company reported model allocation of client inventory/proxies; not direct measurement or causal attribution,Not established for this metric,,jpmorgan-footprint.json
jpmorgan,JPM06,Carbon Compass absolute attributed emissions,[7].data_quality_1_best_5_worst,1.4,MtCO2e; economic intensity tCO2e/million USD,2024,12-month monthly-average committed lending; monthly-average outstanding tax-oriented investments; 100% of bank transaction share on 3-year rolling basis for capital markets; 3-year average EVIC or debt+equity,Global unless stated otherwise,https://www.jpmorganchase.com/content/dam/jpmorganchase/documents/about/jpmc-sustainability-report-2024.pdf,p26 table and footnotes; p64 comparison,Company reported model allocation of client inventory/proxies; not direct measurement or causal attribution,Not established for this metric,,jpmorgan-footprint.json
jpmorgan,JPM06,Carbon Compass absolute attributed emissions,[8].financed_MtCO2e,0.4,MtCO2e; economic intensity tCO2e/million USD,2024,12-month monthly-average committed lending; monthly-average outstanding tax-oriented investments; 100% of bank transaction share on 3-year rolling basis for capital markets; 3-year average EVIC or debt+equity,Global unless stated otherwise,https://www.jpmorganchase.com/content/dam/jpmorganchase/documents/about/jpmc-sustainability-report-2024.pdf,p26 table and footnotes; p64 comparison,Company reported model allocation of client inventory/proxies; not direct measurement or causal attribution,Not established for this metric,,jpmorgan-footprint.json
jpmorgan,JPM06,Carbon Compass absolute attributed emissions,[8].facilitated_MtCO2e,0.6,MtCO2e; economic intensity tCO2e/million USD,2024,12-month monthly-average committed lending; monthly-average outstanding tax-oriented investments; 100% of bank transaction share on 3-year rolling basis for capital markets; 3-year average EVIC or debt+equity,Global unless stated otherwise,https://www.jpmorganchase.com/content/dam/jpmorganchase/documents/about/jpmc-sustainability-report-2024.pdf,p26 table and footnotes; p64 comparison,Company reported model allocation of client inventory/proxies; not direct measurement or causal attribution,Not established for this metric,,jpmorgan-footprint.json
jpmorgan,JPM06,Carbon Compass absolute attributed emissions,[8].financed_tCO2e_per_million_USD,706,MtCO2e; economic intensity tCO2e/million USD,2024,12-month monthly-average committed lending; monthly-average outstanding tax-oriented investments; 100% of bank transaction share on 3-year rolling basis for capital markets; 3-year average EVIC or debt+equity,Global unless stated otherwise,https://www.jpmorganchase.com/content/dam/jpmorganchase/documents/about/jpmc-sustainability-report-2024.pdf,p26 table and footnotes; p64 comparison,Company reported model allocation of client inventory/proxies; not direct measurement or causal attribution,Not established for this metric,,jpmorgan-footprint.json
jpmorgan,JPM06,Carbon Compass absolute attributed emissions,[8].facilitated_tCO2e_per_million_USD,1804.1,MtCO2e; economic intensity tCO2e/million USD,2024,12-month monthly-average committed lending; monthly-average outstanding tax-oriented investments; 100% of bank transaction share on 3-year rolling basis for capital markets; 3-year average EVIC or debt+equity,Global unless stated otherwise,https://www.jpmorganchase.com/content/dam/jpmorganchase/documents/about/jpmc-sustainability-report-2024.pdf,p26 table and footnotes; p64 comparison,Company reported model allocation of client inventory/proxies; not direct measurement or causal attribution,Not established for this metric,,jpmorgan-footprint.json
jpmorgan,JPM06,Carbon Compass absolute attributed emissions,[8].data_quality_1_best_5_worst,3.0,MtCO2e; economic intensity tCO2e/million USD,2024,12-month monthly-average committed lending; monthly-average outstanding tax-oriented investments; 100% of bank transaction share on 3-year rolling basis for capital markets; 3-year average EVIC or debt+equity,Global unless stated otherwise,https://www.jpmorganchase.com/content/dam/jpmorganchase/documents/about/jpmc-sustainability-report-2024.pdf,p26 table and footnotes; p64 comparison,Company reported model allocation of client inventory/proxies; not direct measurement or causal attribution,Not established for this metric,,jpmorgan-footprint.json
jpmorgan,JPM07,PCAF-aligned absolute attributed emissions,[0].financed_MtCO2e,19.3,MtCO2e; economic intensity tCO2e/million USD,2024,"Only Carbon Compass in-scope clients; wholesale credit excluding overdrafts, year-end drawn exposure; facilitated current-year issuances weighted33%; includes securitized products, green bonds, tax-oriented investment syndications, excludes syndicated loans; period-end EVIC",Global unless stated otherwise,https://www.jpmorganchase.com/content/dam/jpmorganchase/documents/about/jpmc-sustainability-report-2024.pdf,p63 table footnotes; p64 comparison,Company reported model allocation with deviations; not interchangeable with Carbon Compass or additive to it,Not established for this metric,,jpmorgan-footprint.json
jpmorgan,JPM07,PCAF-aligned absolute attributed emissions,[0].facilitated_MtCO2e,30.9,MtCO2e; economic intensity tCO2e/million USD,2024,"Only Carbon Compass in-scope clients; wholesale credit excluding overdrafts, year-end drawn exposure; facilitated current-year issuances weighted33%; includes securitized products, green bonds, tax-oriented investment syndications, excludes syndicated loans; period-end EVIC",Global unless stated otherwise,https://www.jpmorganchase.com/content/dam/jpmorganchase/documents/about/jpmc-sustainability-report-2024.pdf,p63 table footnotes; p64 comparison,Company reported model allocation with deviations; not interchangeable with Carbon Compass or additive to it,Not established for this metric,,jpmorgan-footprint.json
jpmorgan,JPM07,PCAF-aligned absolute attributed emissions,[0].financed_tCO2e_per_million_USD,3709.2,MtCO2e; economic intensity tCO2e/million USD,2024,"Only Carbon Compass in-scope clients; wholesale credit excluding overdrafts, year-end drawn exposure; facilitated current-year issuances weighted33%; includes securitized products, green bonds, tax-oriented investment syndications, excludes syndicated loans; period-end EVIC",Global unless stated otherwise,https://www.jpmorganchase.com/content/dam/jpmorganchase/documents/about/jpmc-sustainability-report-2024.pdf,p63 table footnotes; p64 comparison,Company reported model allocation with deviations; not interchangeable with Carbon Compass or additive to it,Not established for this metric,,jpmorgan-footprint.json
jpmorgan,JPM07,PCAF-aligned absolute attributed emissions,[0].facilitated_tCO2e_per_million_USD,1357.6,MtCO2e; economic intensity tCO2e/million USD,2024,"Only Carbon Compass in-scope clients; wholesale credit excluding overdrafts, year-end drawn exposure; facilitated current-year issuances weighted33%; includes securitized products, green bonds, tax-oriented investment syndications, excludes syndicated loans; period-end EVIC",Global unless stated otherwise,https://www.jpmorganchase.com/content/dam/jpmorganchase/documents/about/jpmc-sustainability-report-2024.pdf,p63 table footnotes; p64 comparison,Company reported model allocation with deviations; not interchangeable with Carbon Compass or additive to it,Not established for this metric,,jpmorgan-footprint.json
jpmorgan,JPM07,PCAF-aligned absolute attributed emissions,[0].data_quality_1_best_5_worst,3.1,MtCO2e; economic intensity tCO2e/million USD,2024,"Only Carbon Compass in-scope clients; wholesale credit excluding overdrafts, year-end drawn exposure; facilitated current-year issuances weighted33%; includes securitized products, green bonds, tax-oriented investment syndications, excludes syndicated loans; period-end EVIC",Global unless stated otherwise,https://www.jpmorganchase.com/content/dam/jpmorganchase/documents/about/jpmc-sustainability-report-2024.pdf,p63 table footnotes; p64 comparison,Company reported model allocation with deviations; not interchangeable with Carbon Compass or additive to it,Not established for this metric,,jpmorgan-footprint.json
jpmorgan,JPM07,PCAF-aligned absolute attributed emissions,[1].financed_MtCO2e,0.8,MtCO2e; economic intensity tCO2e/million USD,2024,"Only Carbon Compass in-scope clients; wholesale credit excluding overdrafts, year-end drawn exposure; facilitated current-year issuances weighted33%; includes securitized products, green bonds, tax-oriented investment syndications, excludes syndicated loans; period-end EVIC",Global unless stated otherwise,https://www.jpmorganchase.com/content/dam/jpmorganchase/documents/about/jpmc-sustainability-report-2024.pdf,p63 table footnotes; p64 comparison,Company reported model allocation with deviations; not interchangeable with Carbon Compass or additive to it,Not established for this metric,,jpmorgan-footprint.json
jpmorgan,JPM07,PCAF-aligned absolute attributed emissions,[1].facilitated_MtCO2e,1.8,MtCO2e; economic intensity tCO2e/million USD,2024,"Only Carbon Compass in-scope clients; wholesale credit excluding overdrafts, year-end drawn exposure; facilitated current-year issuances weighted33%; includes securitized products, green bonds, tax-oriented investment syndications, excludes syndicated loans; period-end EVIC",Global unless stated otherwise,https://www.jpmorganchase.com/content/dam/jpmorganchase/documents/about/jpmc-sustainability-report-2024.pdf,p63 table footnotes; p64 comparison,Company reported model allocation with deviations; not interchangeable with Carbon Compass or additive to it,Not established for this metric,,jpmorgan-footprint.json
jpmorgan,JPM07,PCAF-aligned absolute attributed emissions,[1].financed_tCO2e_per_million_USD,242.5,MtCO2e; economic intensity tCO2e/million USD,2024,"Only Carbon Compass in-scope clients; wholesale credit excluding overdrafts, year-end drawn exposure; facilitated current-year issuances weighted33%; includes securitized products, green bonds, tax-oriented investment syndications, excludes syndicated loans; period-end EVIC",Global unless stated otherwise,https://www.jpmorganchase.com/content/dam/jpmorganchase/documents/about/jpmc-sustainability-report-2024.pdf,p63 table footnotes; p64 comparison,Company reported model allocation with deviations; not interchangeable with Carbon Compass or additive to it,Not established for this metric,,jpmorgan-footprint.json
jpmorgan,JPM07,PCAF-aligned absolute attributed emissions,[1].facilitated_tCO2e_per_million_USD,129.8,MtCO2e; economic intensity tCO2e/million USD,2024,"Only Carbon Compass in-scope clients; wholesale credit excluding overdrafts, year-end drawn exposure; facilitated current-year issuances weighted33%; includes securitized products, green bonds, tax-oriented investment syndications, excludes syndicated loans; period-end EVIC",Global unless stated otherwise,https://www.jpmorganchase.com/content/dam/jpmorganchase/documents/about/jpmc-sustainability-report-2024.pdf,p63 table footnotes; p64 comparison,Company reported model allocation with deviations; not interchangeable with Carbon Compass or additive to it,Not established for this metric,,jpmorgan-footprint.json
jpmorgan,JPM07,PCAF-aligned absolute attributed emissions,[1].data_quality_1_best_5_worst,3.1,MtCO2e; economic intensity tCO2e/million USD,2024,"Only Carbon Compass in-scope clients; wholesale credit excluding overdrafts, year-end drawn exposure; facilitated current-year issuances weighted33%; includes securitized products, green bonds, tax-oriented investment syndications, excludes syndicated loans; period-end EVIC",Global unless stated otherwise,https://www.jpmorganchase.com/content/dam/jpmorganchase/documents/about/jpmc-sustainability-report-2024.pdf,p63 table footnotes; p64 comparison,Company reported model allocation with deviations; not interchangeable with Carbon Compass or additive to it,Not established for this metric,,jpmorgan-footprint.json
jpmorgan,JPM07,PCAF-aligned absolute attributed emissions,[2].financed_MtCO2e,1.9,MtCO2e; economic intensity tCO2e/million USD,2024,"Only Carbon Compass in-scope clients; wholesale credit excluding overdrafts, year-end drawn exposure; facilitated current-year issuances weighted33%; includes securitized products, green bonds, tax-oriented investment syndications, excludes syndicated loans; period-end EVIC",Global unless stated otherwise,https://www.jpmorganchase.com/content/dam/jpmorganchase/documents/about/jpmc-sustainability-report-2024.pdf,p63 table footnotes; p64 comparison,Company reported model allocation with deviations; not interchangeable with Carbon Compass or additive to it,Not established for this metric,,jpmorgan-footprint.json
jpmorgan,JPM07,PCAF-aligned absolute attributed emissions,[2].facilitated_MtCO2e,3,MtCO2e; economic intensity tCO2e/million USD,2024,"Only Carbon Compass in-scope clients; wholesale credit excluding overdrafts, year-end drawn exposure; facilitated current-year issuances weighted33%; includes securitized products, green bonds, tax-oriented investment syndications, excludes syndicated loans; period-end EVIC",Global unless stated otherwise,https://www.jpmorganchase.com/content/dam/jpmorganchase/documents/about/jpmc-sustainability-report-2024.pdf,p63 table footnotes; p64 comparison,Company reported model allocation with deviations; not interchangeable with Carbon Compass or additive to it,Not established for this metric,,jpmorgan-footprint.json
jpmorgan,JPM07,PCAF-aligned absolute attributed emissions,[2].financed_tCO2e_per_million_USD,621.8,MtCO2e; economic intensity tCO2e/million USD,2024,"Only Carbon Compass in-scope clients; wholesale credit excluding overdrafts, year-end drawn exposure; facilitated current-year issuances weighted33%; includes securitized products, green bonds, tax-oriented investment syndications, excludes syndicated loans; period-end EVIC",Global unless stated otherwise,https://www.jpmorganchase.com/content/dam/jpmorganchase/documents/about/jpmc-sustainability-report-2024.pdf,p63 table footnotes; p64 comparison,Company reported model allocation with deviations; not interchangeable with Carbon Compass or additive to it,Not established for this metric,,jpmorgan-footprint.json
jpmorgan,JPM07,PCAF-aligned absolute attributed emissions,[2].facilitated_tCO2e_per_million_USD,161,MtCO2e; economic intensity tCO2e/million USD,2024,"Only Carbon Compass in-scope clients; wholesale credit excluding overdrafts, year-end drawn exposure; facilitated current-year issuances weighted33%; includes securitized products, green bonds, tax-oriented investment syndications, excludes syndicated loans; period-end EVIC",Global unless stated otherwise,https://www.jpmorganchase.com/content/dam/jpmorganchase/documents/about/jpmc-sustainability-report-2024.pdf,p63 table footnotes; p64 comparison,Company reported model allocation with deviations; not interchangeable with Carbon Compass or additive to it,Not established for this metric,,jpmorgan-footprint.json
jpmorgan,JPM07,PCAF-aligned absolute attributed emissions,[2].data_quality_1_best_5_worst,3.2,MtCO2e; economic intensity tCO2e/million USD,2024,"Only Carbon Compass in-scope clients; wholesale credit excluding overdrafts, year-end drawn exposure; facilitated current-year issuances weighted33%; includes securitized products, green bonds, tax-oriented investment syndications, excludes syndicated loans; period-end EVIC",Global unless stated otherwise,https://www.jpmorganchase.com/content/dam/jpmorganchase/documents/about/jpmc-sustainability-report-2024.pdf,p63 table footnotes; p64 comparison,Company reported model allocation with deviations; not interchangeable with Carbon Compass or additive to it,Not established for this metric,,jpmorgan-footprint.json
jpmorgan,JPM07,PCAF-aligned absolute attributed emissions,[3].financed_MtCO2e,0.2,MtCO2e; economic intensity tCO2e/million USD,2024,"Only Carbon Compass in-scope clients; wholesale credit excluding overdrafts, year-end drawn exposure; facilitated current-year issuances weighted33%; includes securitized products, green bonds, tax-oriented investment syndications, excludes syndicated loans; period-end EVIC",Global unless stated otherwise,https://www.jpmorganchase.com/content/dam/jpmorganchase/documents/about/jpmc-sustainability-report-2024.pdf,p63 table footnotes; p64 comparison,Company reported model allocation with deviations; not interchangeable with Carbon Compass or additive to it,Not established for this metric,,jpmorgan-footprint.json
jpmorgan,JPM07,PCAF-aligned absolute attributed emissions,[3].facilitated_MtCO2e,0.4,MtCO2e; economic intensity tCO2e/million USD,2024,"Only Carbon Compass in-scope clients; wholesale credit excluding overdrafts, year-end drawn exposure; facilitated current-year issuances weighted33%; includes securitized products, green bonds, tax-oriented investment syndications, excludes syndicated loans; period-end EVIC",Global unless stated otherwise,https://www.jpmorganchase.com/content/dam/jpmorganchase/documents/about/jpmc-sustainability-report-2024.pdf,p63 table footnotes; p64 comparison,Company reported model allocation with deviations; not interchangeable with Carbon Compass or additive to it,Not established for this metric,,jpmorgan-footprint.json
jpmorgan,JPM07,PCAF-aligned absolute attributed emissions,[3].financed_tCO2e_per_million_USD,853,MtCO2e; economic intensity tCO2e/million USD,2024,"Only Carbon Compass in-scope clients; wholesale credit excluding overdrafts, year-end drawn exposure; facilitated current-year issuances weighted33%; includes securitized products, green bonds, tax-oriented investment syndications, excludes syndicated loans; period-end EVIC",Global unless stated otherwise,https://www.jpmorganchase.com/content/dam/jpmorganchase/documents/about/jpmc-sustainability-report-2024.pdf,p63 table footnotes; p64 comparison,Company reported model allocation with deviations; not interchangeable with Carbon Compass or additive to it,Not established for this metric,,jpmorgan-footprint.json
jpmorgan,JPM07,PCAF-aligned absolute attributed emissions,[3].facilitated_tCO2e_per_million_USD,177.9,MtCO2e; economic intensity tCO2e/million USD,2024,"Only Carbon Compass in-scope clients; wholesale credit excluding overdrafts, year-end drawn exposure; facilitated current-year issuances weighted33%; includes securitized products, green bonds, tax-oriented investment syndications, excludes syndicated loans; period-end EVIC",Global unless stated otherwise,https://www.jpmorganchase.com/content/dam/jpmorganchase/documents/about/jpmc-sustainability-report-2024.pdf,p63 table footnotes; p64 comparison,Company reported model allocation with deviations; not interchangeable with Carbon Compass or additive to it,Not established for this metric,,jpmorgan-footprint.json
jpmorgan,JPM07,PCAF-aligned absolute attributed emissions,[3].data_quality_1_best_5_worst,3,MtCO2e; economic intensity tCO2e/million USD,2024,"Only Carbon Compass in-scope clients; wholesale credit excluding overdrafts, year-end drawn exposure; facilitated current-year issuances weighted33%; includes securitized products, green bonds, tax-oriented investment syndications, excludes syndicated loans; period-end EVIC",Global unless stated otherwise,https://www.jpmorganchase.com/content/dam/jpmorganchase/documents/about/jpmc-sustainability-report-2024.pdf,p63 table footnotes; p64 comparison,Company reported model allocation with deviations; not interchangeable with Carbon Compass or additive to it,Not established for this metric,,jpmorgan-footprint.json
jpmorgan,JPM07,PCAF-aligned absolute attributed emissions,[4].financed_MtCO2e,0.1,MtCO2e; economic intensity tCO2e/million USD,2024,"Only Carbon Compass in-scope clients; wholesale credit excluding overdrafts, year-end drawn exposure; facilitated current-year issuances weighted33%; includes securitized products, green bonds, tax-oriented investment syndications, excludes syndicated loans; period-end EVIC",Global unless stated otherwise,https://www.jpmorganchase.com/content/dam/jpmorganchase/documents/about/jpmc-sustainability-report-2024.pdf,p63 table footnotes; p64 comparison,Company reported model allocation with deviations; not interchangeable with Carbon Compass or additive to it,Not established for this metric,,jpmorgan-footprint.json
jpmorgan,JPM07,PCAF-aligned absolute attributed emissions,[4].facilitated_MtCO2e,0.3,MtCO2e; economic intensity tCO2e/million USD,2024,"Only Carbon Compass in-scope clients; wholesale credit excluding overdrafts, year-end drawn exposure; facilitated current-year issuances weighted33%; includes securitized products, green bonds, tax-oriented investment syndications, excludes syndicated loans; period-end EVIC",Global unless stated otherwise,https://www.jpmorganchase.com/content/dam/jpmorganchase/documents/about/jpmc-sustainability-report-2024.pdf,p63 table footnotes; p64 comparison,Company reported model allocation with deviations; not interchangeable with Carbon Compass or additive to it,Not established for this metric,,jpmorgan-footprint.json
jpmorgan,JPM07,PCAF-aligned absolute attributed emissions,[4].financed_tCO2e_per_million_USD,601.5,MtCO2e; economic intensity tCO2e/million USD,2024,"Only Carbon Compass in-scope clients; wholesale credit excluding overdrafts, year-end drawn exposure; facilitated current-year issuances weighted33%; includes securitized products, green bonds, tax-oriented investment syndications, excludes syndicated loans; period-end EVIC",Global unless stated otherwise,https://www.jpmorganchase.com/content/dam/jpmorganchase/documents/about/jpmc-sustainability-report-2024.pdf,p63 table footnotes; p64 comparison,Company reported model allocation with deviations; not interchangeable with Carbon Compass or additive to it,Not established for this metric,,jpmorgan-footprint.json
jpmorgan,JPM07,PCAF-aligned absolute attributed emissions,[4].facilitated_tCO2e_per_million_USD,268,MtCO2e; economic intensity tCO2e/million USD,2024,"Only Carbon Compass in-scope clients; wholesale credit excluding overdrafts, year-end drawn exposure; facilitated current-year issuances weighted33%; includes securitized products, green bonds, tax-oriented investment syndications, excludes syndicated loans; period-end EVIC",Global unless stated otherwise,https://www.jpmorganchase.com/content/dam/jpmorganchase/documents/about/jpmc-sustainability-report-2024.pdf,p63 table footnotes; p64 comparison,Company reported model allocation with deviations; not interchangeable with Carbon Compass or additive to it,Not established for this metric,,jpmorgan-footprint.json
jpmorgan,JPM07,PCAF-aligned absolute attributed emissions,[4].data_quality_1_best_5_worst,3,MtCO2e; economic intensity tCO2e/million USD,2024,"Only Carbon Compass in-scope clients; wholesale credit excluding overdrafts, year-end drawn exposure; facilitated current-year issuances weighted33%; includes securitized products, green bonds, tax-oriented investment syndications, excludes syndicated loans; period-end EVIC",Global unless stated otherwise,https://www.jpmorganchase.com/content/dam/jpmorganchase/documents/about/jpmc-sustainability-report-2024.pdf,p63 table footnotes; p64 comparison,Company reported model allocation with deviations; not interchangeable with Carbon Compass or additive to it,Not established for this metric,,jpmorgan-footprint.json
jpmorgan,JPM07,PCAF-aligned absolute attributed emissions,[5].financed_MtCO2e,0.04,MtCO2e; economic intensity tCO2e/million USD,2024,"Only Carbon Compass in-scope clients; wholesale credit excluding overdrafts, year-end drawn exposure; facilitated current-year issuances weighted33%; includes securitized products, green bonds, tax-oriented investment syndications, excludes syndicated loans; period-end EVIC",Global unless stated otherwise,https://www.jpmorganchase.com/content/dam/jpmorganchase/documents/about/jpmc-sustainability-report-2024.pdf,p63 table footnotes; p64 comparison,Company reported model allocation with deviations; not interchangeable with Carbon Compass or additive to it,Not established for this metric,,jpmorgan-footprint.json
jpmorgan,JPM07,PCAF-aligned absolute attributed emissions,[5].facilitated_MtCO2e,0.07,MtCO2e; economic intensity tCO2e/million USD,2024,"Only Carbon Compass in-scope clients; wholesale credit excluding overdrafts, year-end drawn exposure; facilitated current-year issuances weighted33%; includes securitized products, green bonds, tax-oriented investment syndications, excludes syndicated loans; period-end EVIC",Global unless stated otherwise,https://www.jpmorganchase.com/content/dam/jpmorganchase/documents/about/jpmc-sustainability-report-2024.pdf,p63 table footnotes; p64 comparison,Company reported model allocation with deviations; not interchangeable with Carbon Compass or additive to it,Not established for this metric,,jpmorgan-footprint.json
jpmorgan,JPM07,PCAF-aligned absolute attributed emissions,[5].financed_tCO2e_per_million_USD,251.1,MtCO2e; economic intensity tCO2e/million USD,2024,"Only Carbon Compass in-scope clients; wholesale credit excluding overdrafts, year-end drawn exposure; facilitated current-year issuances weighted33%; includes securitized products, green bonds, tax-oriented investment syndications, excludes syndicated loans; period-end EVIC",Global unless stated otherwise,https://www.jpmorganchase.com/content/dam/jpmorganchase/documents/about/jpmc-sustainability-report-2024.pdf,p63 table footnotes; p64 comparison,Company reported model allocation with deviations; not interchangeable with Carbon Compass or additive to it,Not established for this metric,,jpmorgan-footprint.json
jpmorgan,JPM07,PCAF-aligned absolute attributed emissions,[5].facilitated_tCO2e_per_million_USD,84.7,MtCO2e; economic intensity tCO2e/million USD,2024,"Only Carbon Compass in-scope clients; wholesale credit excluding overdrafts, year-end drawn exposure; facilitated current-year issuances weighted33%; includes securitized products, green bonds, tax-oriented investment syndications, excludes syndicated loans; period-end EVIC",Global unless stated otherwise,https://www.jpmorganchase.com/content/dam/jpmorganchase/documents/about/jpmc-sustainability-report-2024.pdf,p63 table footnotes; p64 comparison,Company reported model allocation with deviations; not interchangeable with Carbon Compass or additive to it,Not established for this metric,,jpmorgan-footprint.json
jpmorgan,JPM07,PCAF-aligned absolute attributed emissions,[5].data_quality_1_best_5_worst,3.1,MtCO2e; economic intensity tCO2e/million USD,2024,"Only Carbon Compass in-scope clients; wholesale credit excluding overdrafts, year-end drawn exposure; facilitated current-year issuances weighted33%; includes securitized products, green bonds, tax-oriented investment syndications, excludes syndicated loans; period-end EVIC",Global unless stated otherwise,https://www.jpmorganchase.com/content/dam/jpmorganchase/documents/about/jpmc-sustainability-report-2024.pdf,p63 table footnotes; p64 comparison,Company reported model allocation with deviations; not interchangeable with Carbon Compass or additive to it,Not established for this metric,,jpmorgan-footprint.json
jpmorgan,JPM07,PCAF-aligned absolute attributed emissions,[6].financed_MtCO2e,0.6,MtCO2e; economic intensity tCO2e/million USD,2024,"Only Carbon Compass in-scope clients; wholesale credit excluding overdrafts, year-end drawn exposure; facilitated current-year issuances weighted33%; includes securitized products, green bonds, tax-oriented investment syndications, excludes syndicated loans; period-end EVIC",Global unless stated otherwise,https://www.jpmorganchase.com/content/dam/jpmorganchase/documents/about/jpmc-sustainability-report-2024.pdf,p63 table footnotes; p64 comparison,Company reported model allocation with deviations; not interchangeable with Carbon Compass or additive to it,Not established for this metric,,jpmorgan-footprint.json
jpmorgan,JPM07,PCAF-aligned absolute attributed emissions,[6].facilitated_MtCO2e,0.9,MtCO2e; economic intensity tCO2e/million USD,2024,"Only Carbon Compass in-scope clients; wholesale credit excluding overdrafts, year-end drawn exposure; facilitated current-year issuances weighted33%; includes securitized products, green bonds, tax-oriented investment syndications, excludes syndicated loans; period-end EVIC",Global unless stated otherwise,https://www.jpmorganchase.com/content/dam/jpmorganchase/documents/about/jpmc-sustainability-report-2024.pdf,p63 table footnotes; p64 comparison,Company reported model allocation with deviations; not interchangeable with Carbon Compass or additive to it,Not established for this metric,,jpmorgan-footprint.json
jpmorgan,JPM07,PCAF-aligned absolute attributed emissions,[6].financed_tCO2e_per_million_USD,1444.6,MtCO2e; economic intensity tCO2e/million USD,2024,"Only Carbon Compass in-scope clients; wholesale credit excluding overdrafts, year-end drawn exposure; facilitated current-year issuances weighted33%; includes securitized products, green bonds, tax-oriented investment syndications, excludes syndicated loans; period-end EVIC",Global unless stated otherwise,https://www.jpmorganchase.com/content/dam/jpmorganchase/documents/about/jpmc-sustainability-report-2024.pdf,p63 table footnotes; p64 comparison,Company reported model allocation with deviations; not interchangeable with Carbon Compass or additive to it,Not established for this metric,,jpmorgan-footprint.json
jpmorgan,JPM07,PCAF-aligned absolute attributed emissions,[6].facilitated_tCO2e_per_million_USD,683,MtCO2e; economic intensity tCO2e/million USD,2024,"Only Carbon Compass in-scope clients; wholesale credit excluding overdrafts, year-end drawn exposure; facilitated current-year issuances weighted33%; includes securitized products, green bonds, tax-oriented investment syndications, excludes syndicated loans; period-end EVIC",Global unless stated otherwise,https://www.jpmorganchase.com/content/dam/jpmorganchase/documents/about/jpmc-sustainability-report-2024.pdf,p63 table footnotes; p64 comparison,Company reported model allocation with deviations; not interchangeable with Carbon Compass or additive to it,Not established for this metric,,jpmorgan-footprint.json
jpmorgan,JPM07,PCAF-aligned absolute attributed emissions,[6].data_quality_1_best_5_worst,1.1,MtCO2e; economic intensity tCO2e/million USD,2024,"Only Carbon Compass in-scope clients; wholesale credit excluding overdrafts, year-end drawn exposure; facilitated current-year issuances weighted33%; includes securitized products, green bonds, tax-oriented investment syndications, excludes syndicated loans; period-end EVIC",Global unless stated otherwise,https://www.jpmorganchase.com/content/dam/jpmorganchase/documents/about/jpmc-sustainability-report-2024.pdf,p63 table footnotes; p64 comparison,Company reported model allocation with deviations; not interchangeable with Carbon Compass or additive to it,Not established for this metric,,jpmorgan-footprint.json
jpmorgan,JPM07,PCAF-aligned absolute attributed emissions,[7].financed_MtCO2e,0.5,MtCO2e; economic intensity tCO2e/million USD,2024,"Only Carbon Compass in-scope clients; wholesale credit excluding overdrafts, year-end drawn exposure; facilitated current-year issuances weighted33%; includes securitized products, green bonds, tax-oriented investment syndications, excludes syndicated loans; period-end EVIC",Global unless stated otherwise,https://www.jpmorganchase.com/content/dam/jpmorganchase/documents/about/jpmc-sustainability-report-2024.pdf,p63 table footnotes; p64 comparison,Company reported model allocation with deviations; not interchangeable with Carbon Compass or additive to it,Not established for this metric,,jpmorgan-footprint.json
jpmorgan,JPM07,PCAF-aligned absolute attributed emissions,[7].facilitated_MtCO2e,0.1,MtCO2e; economic intensity tCO2e/million USD,2024,"Only Carbon Compass in-scope clients; wholesale credit excluding overdrafts, year-end drawn exposure; facilitated current-year issuances weighted33%; includes securitized products, green bonds, tax-oriented investment syndications, excludes syndicated loans; period-end EVIC",Global unless stated otherwise,https://www.jpmorganchase.com/content/dam/jpmorganchase/documents/about/jpmc-sustainability-report-2024.pdf,p63 table footnotes; p64 comparison,Company reported model allocation with deviations; not interchangeable with Carbon Compass or additive to it,Not established for this metric,,jpmorgan-footprint.json
jpmorgan,JPM07,PCAF-aligned absolute attributed emissions,[7].financed_tCO2e_per_million_USD,1954.1,MtCO2e; economic intensity tCO2e/million USD,2024,"Only Carbon Compass in-scope clients; wholesale credit excluding overdrafts, year-end drawn exposure; facilitated current-year issuances weighted33%; includes securitized products, green bonds, tax-oriented investment syndications, excludes syndicated loans; period-end EVIC",Global unless stated otherwise,https://www.jpmorganchase.com/content/dam/jpmorganchase/documents/about/jpmc-sustainability-report-2024.pdf,p63 table footnotes; p64 comparison,Company reported model allocation with deviations; not interchangeable with Carbon Compass or additive to it,Not established for this metric,,jpmorgan-footprint.json
jpmorgan,JPM07,PCAF-aligned absolute attributed emissions,[7].facilitated_tCO2e_per_million_USD,188.2,MtCO2e; economic intensity tCO2e/million USD,2024,"Only Carbon Compass in-scope clients; wholesale credit excluding overdrafts, year-end drawn exposure; facilitated current-year issuances weighted33%; includes securitized products, green bonds, tax-oriented investment syndications, excludes syndicated loans; period-end EVIC",Global unless stated otherwise,https://www.jpmorganchase.com/content/dam/jpmorganchase/documents/about/jpmc-sustainability-report-2024.pdf,p63 table footnotes; p64 comparison,Company reported model allocation with deviations; not interchangeable with Carbon Compass or additive to it,Not established for this metric,,jpmorgan-footprint.json
jpmorgan,JPM07,PCAF-aligned absolute attributed emissions,[7].data_quality_1_best_5_worst,1.3,MtCO2e; economic intensity tCO2e/million USD,2024,"Only Carbon Compass in-scope clients; wholesale credit excluding overdrafts, year-end drawn exposure; facilitated current-year issuances weighted33%; includes securitized products, green bonds, tax-oriented investment syndications, excludes syndicated loans; period-end EVIC",Global unless stated otherwise,https://www.jpmorganchase.com/content/dam/jpmorganchase/documents/about/jpmc-sustainability-report-2024.pdf,p63 table footnotes; p64 comparison,Company reported model allocation with deviations; not interchangeable with Carbon Compass or additive to it,Not established for this metric,,jpmorgan-footprint.json
jpmorgan,JPM07,PCAF-aligned absolute attributed emissions,[8].financed_MtCO2e,0.1,MtCO2e; economic intensity tCO2e/million USD,2024,"Only Carbon Compass in-scope clients; wholesale credit excluding overdrafts, year-end drawn exposure; facilitated current-year issuances weighted33%; includes securitized products, green bonds, tax-oriented investment syndications, excludes syndicated loans; period-end EVIC",Global unless stated otherwise,https://www.jpmorganchase.com/content/dam/jpmorganchase/documents/about/jpmc-sustainability-report-2024.pdf,p63 table footnotes; p64 comparison,Company reported model allocation with deviations; not interchangeable with Carbon Compass or additive to it,Not established for this metric,,jpmorgan-footprint.json
jpmorgan,JPM07,PCAF-aligned absolute attributed emissions,[8].facilitated_MtCO2e,0.3,MtCO2e; economic intensity tCO2e/million USD,2024,"Only Carbon Compass in-scope clients; wholesale credit excluding overdrafts, year-end drawn exposure; facilitated current-year issuances weighted33%; includes securitized products, green bonds, tax-oriented investment syndications, excludes syndicated loans; period-end EVIC",Global unless stated otherwise,https://www.jpmorganchase.com/content/dam/jpmorganchase/documents/about/jpmc-sustainability-report-2024.pdf,p63 table footnotes; p64 comparison,Company reported model allocation with deviations; not interchangeable with Carbon Compass or additive to it,Not established for this metric,,jpmorgan-footprint.json
jpmorgan,JPM07,PCAF-aligned absolute attributed emissions,[8].financed_tCO2e_per_million_USD,970.2,MtCO2e; economic intensity tCO2e/million USD,2024,"Only Carbon Compass in-scope clients; wholesale credit excluding overdrafts, year-end drawn exposure; facilitated current-year issuances weighted33%; includes securitized products, green bonds, tax-oriented investment syndications, excludes syndicated loans; period-end EVIC",Global unless stated otherwise,https://www.jpmorganchase.com/content/dam/jpmorganchase/documents/about/jpmc-sustainability-report-2024.pdf,p63 table footnotes; p64 comparison,Company reported model allocation with deviations; not interchangeable with Carbon Compass or additive to it,Not established for this metric,,jpmorgan-footprint.json
jpmorgan,JPM07,PCAF-aligned absolute attributed emissions,[8].facilitated_tCO2e_per_million_USD,650.4,MtCO2e; economic intensity tCO2e/million USD,2024,"Only Carbon Compass in-scope clients; wholesale credit excluding overdrafts, year-end drawn exposure; facilitated current-year issuances weighted33%; includes securitized products, green bonds, tax-oriented investment syndications, excludes syndicated loans; period-end EVIC",Global unless stated otherwise,https://www.jpmorganchase.com/content/dam/jpmorganchase/documents/about/jpmc-sustainability-report-2024.pdf,p63 table footnotes; p64 comparison,Company reported model allocation with deviations; not interchangeable with Carbon Compass or additive to it,Not established for this metric,,jpmorgan-footprint.json
jpmorgan,JPM07,PCAF-aligned absolute attributed emissions,[8].data_quality_1_best_5_worst,3,MtCO2e; economic intensity tCO2e/million USD,2024,"Only Carbon Compass in-scope clients; wholesale credit excluding overdrafts, year-end drawn exposure; facilitated current-year issuances weighted33%; includes securitized products, green bonds, tax-oriented investment syndications, excludes syndicated loans; period-end EVIC",Global unless stated otherwise,https://www.jpmorganchase.com/content/dam/jpmorganchase/documents/about/jpmc-sustainability-report-2024.pdf,p63 table footnotes; p64 comparison,Company reported model allocation with deviations; not interchangeable with Carbon Compass or additive to it,Not established for this metric,,jpmorgan-footprint.json
jpmorgan,JPM08,Energy Supply Financing Ratio,low_carbon,36.4,USD billion; ratio dimensionless,2024,"Global energy-supply financing, including lending, tax-oriented investments and capital markets; metric specific to bank methodology, not financing additionality or avoided emissions",Global unless stated otherwise,https://www.jpmorganchase.com/content/dam/jpmorganchase/documents/about/jpmc-sustainability-report-2024.pdf,pp22-23,Company reported financing classification; ratio arithmetic checked,Not established for this metric,,jpmorgan-footprint.json
jpmorgan,JPM08,Energy Supply Financing Ratio,high_carbon,32.3,USD billion; ratio dimensionless,2024,"Global energy-supply financing, including lending, tax-oriented investments and capital markets; metric specific to bank methodology, not financing additionality or avoided emissions",Global unless stated otherwise,https://www.jpmorganchase.com/content/dam/jpmorganchase/documents/about/jpmc-sustainability-report-2024.pdf,pp22-23,Company reported financing classification; ratio arithmetic checked,Not established for this metric,,jpmorgan-footprint.json
jpmorgan,JPM08,Energy Supply Financing Ratio,reported_ratio,1.13,USD billion; ratio dimensionless,2024,"Global energy-supply financing, including lending, tax-oriented investments and capital markets; metric specific to bank methodology, not financing additionality or avoided emissions",Global unless stated otherwise,https://www.jpmorganchase.com/content/dam/jpmorganchase/documents/about/jpmc-sustainability-report-2024.pdf,pp22-23,Company reported financing classification; ratio arithmetic checked,Not established for this metric,,jpmorgan-footprint.json
jpmorgan,JPM08,Energy Supply Financing Ratio,derived_ratio,1.126934984520124,USD billion; ratio dimensionless,2024,"Global energy-supply financing, including lending, tax-oriented investments and capital markets; metric specific to bank methodology, not financing additionality or avoided emissions",Global unless stated otherwise,https://www.jpmorganchase.com/content/dam/jpmorganchase/documents/about/jpmc-sustainability-report-2024.pdf,pp22-23,Company reported financing classification; ratio arithmetic checked,Not established for this metric,,jpmorgan-footprint.json
jpmorgan,JPM09,Green objective financing and facilitation,2024,68,USD billion,2024 and cumulative2021-2024,"SDT Green eligibility; financing and facilitation including raising capital, credit, advisory, risk management, principal investment; not capex or impact dollar total",Global unless stated otherwise,https://www.jpmorganchase.com/content/dam/jpmorganchase/documents/about/jpmc-sustainability-report-2024.pdf,pp9-10,Company reported eligibility-based transaction accounting,Not established for this metric,,jpmorgan-footprint.json
jpmorgan,JPM09,Green objective financing and facilitation,cumulative_2021_2024,309,USD billion,2024 and cumulative2021-2024,"SDT Green eligibility; financing and facilitation including raising capital, credit, advisory, risk management, principal investment; not capex or impact dollar total",Global unless stated otherwise,https://www.jpmorganchase.com/content/dam/jpmorganchase/documents/about/jpmc-sustainability-report-2024.pdf,pp9-10,Company reported eligibility-based transaction accounting,Not established for this metric,,jpmorgan-footprint.json
jpmorgan,JPM09,Green objective financing and facilitation,target_by_end2030,1000,USD billion,2024 and cumulative2021-2024,"SDT Green eligibility; financing and facilitation including raising capital, credit, advisory, risk management, principal investment; not capex or impact dollar total",Global unless stated otherwise,https://www.jpmorganchase.com/content/dam/jpmorganchase/documents/about/jpmc-sustainability-report-2024.pdf,pp9-10,Company reported eligibility-based transaction accounting,Not established for this metric,,jpmorgan-footprint.json
jpmorgan,JPM12,S&P500 membership cross-check,weight_percent,1.447452,Percent of SPY holdings,September10 2026,"US listed equity; S&P500 tracker holdings proxy, not a licensed index constituent file",Global unless stated otherwise,https://www.ssga.com/library-content/products/fund-data/etfs/us/holdings-daily-us-en-spy.xlsx,"Holdings sheet, date header and JPM row",Primary ETF issuer holdings directly downloaded and parsed,Not applicable,,jpmorgan-footprint.json
nucor,N01,Company-wide GHG inventory,scope1,6600000,metric tonnes CO2e,2025,"Steel mills, DRI plants, product groups, scrap processing and transportation",Primarily North America; company-wide boundaries include Trinidad DRI when stated,https://indd.adobe.com/view/publication/cc4a577c-36f1-4ae0-a823-7e9f3f547ca5/4a1d/publication-web-resources/pdf/2025_Sustainability_Report.pdf,"37, company-wide chart",reported,Not independently established,Scope2 market/location designation absent. Scope3 described as purchased raw-material production/transportation; not established as all15 categories. Sum=19.2Mt. Do not add steel-mill inventory to this. Rounded0.1Mt.,nucor-footprint.json
nucor,N01,Company-wide GHG inventory,scope2_unspecified_method,6200000,metric tonnes CO2e,2025,"Steel mills, DRI plants, product groups, scrap processing and transportation",Primarily North America; company-wide boundaries include Trinidad DRI when stated,https://indd.adobe.com/view/publication/cc4a577c-36f1-4ae0-a823-7e9f3f547ca5/4a1d/publication-web-resources/pdf/2025_Sustainability_Report.pdf,"37, company-wide chart",reported,Not independently established,Scope2 market/location designation absent. Scope3 described as purchased raw-material production/transportation; not established as all15 categories. Sum=19.2Mt. Do not add steel-mill inventory to this. Rounded0.1Mt.,nucor-footprint.json
nucor,N01,Company-wide GHG inventory,scope3_reported_selected_boundary,6400000,metric tonnes CO2e,2025,"Steel mills, DRI plants, product groups, scrap processing and transportation",Primarily North America; company-wide boundaries include Trinidad DRI when stated,https://indd.adobe.com/view/publication/cc4a577c-36f1-4ae0-a823-7e9f3f547ca5/4a1d/publication-web-resources/pdf/2025_Sustainability_Report.pdf,"37, company-wide chart",reported,Not independently established,Scope2 market/location designation absent. Scope3 described as purchased raw-material production/transportation; not established as all15 categories. Sum=19.2Mt. Do not add steel-mill inventory to this. Rounded0.1Mt.,nucor-footprint.json
nucor,N01,Company-wide GHG inventory,total,19200000,metric tonnes CO2e,2025,"Steel mills, DRI plants, product groups, scrap processing and transportation",Primarily North America; company-wide boundaries include Trinidad DRI when stated,https://indd.adobe.com/view/publication/cc4a577c-36f1-4ae0-a823-7e9f3f547ca5/4a1d/publication-web-resources/pdf/2025_Sustainability_Report.pdf,"37, company-wide chart",reported,Not independently established,Scope2 market/location designation absent. Scope3 described as purchased raw-material production/transportation; not established as all15 categories. Sum=19.2Mt. Do not add steel-mill inventory to this. Rounded0.1Mt.,nucor-footprint.json
nucor,N02,Steel-mill GHG inventory,scope1,4700000,metric tonnes CO2e,2025,"Owned/operated mills with melting capacity, excluding ramp-up Lexington and Kingman",Primarily North America; company-wide boundaries include Trinidad DRI when stated,https://indd.adobe.com/view/publication/cc4a577c-36f1-4ae0-a823-7e9f3f547ca5/4a1d/publication-web-resources/pdf/2025_Sustainability_Report.pdf,"37, steel-mill chart and footnote1",reported,"Company says SCS verified Scope1,2,3(category1) to ISO14064-3:2019; assurance level not verified","Sum=17.7Mt. Scope3 category1 assurance claim; corporate and mill Scope3 differ due to boundary, including internal DRI transfers. Exact verifier statement not obtained.",nucor-footprint.json
nucor,N02,Steel-mill GHG inventory,scope2_unspecified_method,5400000,metric tonnes CO2e,2025,"Owned/operated mills with melting capacity, excluding ramp-up Lexington and Kingman",Primarily North America; company-wide boundaries include Trinidad DRI when stated,https://indd.adobe.com/view/publication/cc4a577c-36f1-4ae0-a823-7e9f3f547ca5/4a1d/publication-web-resources/pdf/2025_Sustainability_Report.pdf,"37, steel-mill chart and footnote1",reported,"Company says SCS verified Scope1,2,3(category1) to ISO14064-3:2019; assurance level not verified","Sum=17.7Mt. Scope3 category1 assurance claim; corporate and mill Scope3 differ due to boundary, including internal DRI transfers. Exact verifier statement not obtained.",nucor-footprint.json
nucor,N02,Steel-mill GHG inventory,scope3_category1,7600000,metric tonnes CO2e,2025,"Owned/operated mills with melting capacity, excluding ramp-up Lexington and Kingman",Primarily North America; company-wide boundaries include Trinidad DRI when stated,https://indd.adobe.com/view/publication/cc4a577c-36f1-4ae0-a823-7e9f3f547ca5/4a1d/publication-web-resources/pdf/2025_Sustainability_Report.pdf,"37, steel-mill chart and footnote1",reported,"Company says SCS verified Scope1,2,3(category1) to ISO14064-3:2019; assurance level not verified","Sum=17.7Mt. Scope3 category1 assurance claim; corporate and mill Scope3 differ due to boundary, including internal DRI transfers. Exact verifier statement not obtained.",nucor-footprint.json
nucor,N02,Steel-mill GHG inventory,total,17700000,metric tonnes CO2e,2025,"Owned/operated mills with melting capacity, excluding ramp-up Lexington and Kingman",Primarily North America; company-wide boundaries include Trinidad DRI when stated,https://indd.adobe.com/view/publication/cc4a577c-36f1-4ae0-a823-7e9f3f547ca5/4a1d/publication-web-resources/pdf/2025_Sustainability_Report.pdf,"37, steel-mill chart and footnote1",reported,"Company says SCS verified Scope1,2,3(category1) to ISO14064-3:2019; assurance level not verified","Sum=17.7Mt. Scope3 category1 assurance claim; corporate and mill Scope3 differ due to boundary, including internal DRI transfers. Exact verifier statement not obtained.",nucor-footprint.json
nucor,N03,Two distinct emissions intensity boundaries,steel_mill_intensity_t_per_t,0.77,mixed as keys specify: tCO2e/t steel versus kgCO2e/t hot-rolled steel,2025,0.77 includes ALL owned/operated melting mills per footnote2; GSCC company-average hot-rolled steel is a separate boundary,Primarily North America; company-wide boundaries include Trinidad DRI when stated,https://indd.adobe.com/view/publication/cc4a577c-36f1-4ae0-a823-7e9f3f547ca5/4a1d/publication-web-resources/pdf/2025_Sustainability_Report.pdf,37 footnotes1-2;38 GSCC target chart,reported,SCS verification reported for mill inventory and GSCC submission; exact statement not retrieved,Do not interpret975kg target as worse than770kg current: different denominators/system boundary. 2025-to2030 target gap=76kg/t=7.231%; 2023 waterfall116kg/t cannot all be claimed additional from2025.,nucor-footprint.json
nucor,N03,Two distinct emissions intensity boundaries,GSCC_hot_rolled_kg_per_t_2025,1051,mixed as keys specify: tCO2e/t steel versus kgCO2e/t hot-rolled steel,2025,0.77 includes ALL owned/operated melting mills per footnote2; GSCC company-average hot-rolled steel is a separate boundary,Primarily North America; company-wide boundaries include Trinidad DRI when stated,https://indd.adobe.com/view/publication/cc4a577c-36f1-4ae0-a823-7e9f3f547ca5/4a1d/publication-web-resources/pdf/2025_Sustainability_Report.pdf,37 footnotes1-2;38 GSCC target chart,reported,SCS verification reported for mill inventory and GSCC submission; exact statement not retrieved,Do not interpret975kg target as worse than770kg current: different denominators/system boundary. 2025-to2030 target gap=76kg/t=7.231%; 2023 waterfall116kg/t cannot all be claimed additional from2025.,nucor-footprint.json
nucor,N03,Two distinct emissions intensity boundaries,GSCC_hot_rolled_kg_per_t_2024,1039,mixed as keys specify: tCO2e/t steel versus kgCO2e/t hot-rolled steel,2025,0.77 includes ALL owned/operated melting mills per footnote2; GSCC company-average hot-rolled steel is a separate boundary,Primarily North America; company-wide boundaries include Trinidad DRI when stated,https://indd.adobe.com/view/publication/cc4a577c-36f1-4ae0-a823-7e9f3f547ca5/4a1d/publication-web-resources/pdf/2025_Sustainability_Report.pdf,37 footnotes1-2;38 GSCC target chart,reported,SCS verification reported for mill inventory and GSCC submission; exact statement not retrieved,Do not interpret975kg target as worse than770kg current: different denominators/system boundary. 2025-to2030 target gap=76kg/t=7.231%; 2023 waterfall116kg/t cannot all be claimed additional from2025.,nucor-footprint.json
nucor,N03,Two distinct emissions intensity boundaries,GSCC_hot_rolled_kg_per_t_2023,1091,mixed as keys specify: tCO2e/t steel versus kgCO2e/t hot-rolled steel,2025,0.77 includes ALL owned/operated melting mills per footnote2; GSCC company-average hot-rolled steel is a separate boundary,Primarily North America; company-wide boundaries include Trinidad DRI when stated,https://indd.adobe.com/view/publication/cc4a577c-36f1-4ae0-a823-7e9f3f547ca5/4a1d/publication-web-resources/pdf/2025_Sustainability_Report.pdf,37 footnotes1-2;38 GSCC target chart,reported,SCS verification reported for mill inventory and GSCC submission; exact statement not retrieved,Do not interpret975kg target as worse than770kg current: different denominators/system boundary. 2025-to2030 target gap=76kg/t=7.231%; 2023 waterfall116kg/t cannot all be claimed additional from2025.,nucor-footprint.json
nucor,N03,Two distinct emissions intensity boundaries,GSCC_2030_target_kg_per_t,975,mixed as keys specify: tCO2e/t steel versus kgCO2e/t hot-rolled steel,2025,0.77 includes ALL owned/operated melting mills per footnote2; GSCC company-average hot-rolled steel is a separate boundary,Primarily North America; company-wide boundaries include Trinidad DRI when stated,https://indd.adobe.com/view/publication/cc4a577c-36f1-4ae0-a823-7e9f3f547ca5/4a1d/publication-web-resources/pdf/2025_Sustainability_Report.pdf,37 footnotes1-2;38 GSCC target chart,reported,SCS verification reported for mill inventory and GSCC submission; exact statement not retrieved,Do not interpret975kg target as worse than770kg current: different denominators/system boundary. 2025-to2030 target gap=76kg/t=7.231%; 2023 waterfall116kg/t cannot all be claimed additional from2025.,nucor-footprint.json
nucor,N04,Raw steel production and route,metric_tonnes_cast,23000000,metric tonnes; percent,2025,Nucor owned/operated steel mills; raw steel cast,Primarily North America; company-wide boundaries include Trinidad DRI when stated,https://indd.adobe.com/view/publication/6d377ab4-2e50-4f66-95a6-c80d5be2b416/hwsy/publication-web-resources/pdf/SASB.pdf,"3, EM-IS-000.A",reported,Not independently established,"Table label says Metric Tons Cast (million t) but numeric value23,000,000 clearly absolute tonnes; not23trillion. Not shipped tonnage or hot-rolled denominator. Rounded23Mt.",nucor-footprint.json
nucor,N04,Raw steel production and route,EAF_percent,100,metric tonnes; percent,2025,Nucor owned/operated steel mills; raw steel cast,Primarily North America; company-wide boundaries include Trinidad DRI when stated,https://indd.adobe.com/view/publication/6d377ab4-2e50-4f66-95a6-c80d5be2b416/hwsy/publication-web-resources/pdf/SASB.pdf,"3, EM-IS-000.A",reported,Not independently established,"Table label says Metric Tons Cast (million t) but numeric value23,000,000 clearly absolute tonnes; not23trillion. Not shipped tonnage or hot-rolled denominator. Rounded23Mt.",nucor-footprint.json
nucor,N04,Raw steel production and route,BOF_percent,0,metric tonnes; percent,2025,Nucor owned/operated steel mills; raw steel cast,Primarily North America; company-wide boundaries include Trinidad DRI when stated,https://indd.adobe.com/view/publication/6d377ab4-2e50-4f66-95a6-c80d5be2b416/hwsy/publication-web-resources/pdf/SASB.pdf,"3, EM-IS-000.A",reported,Not independently established,"Table label says Metric Tons Cast (million t) but numeric value23,000,000 clearly absolute tonnes; not23trillion. Not shipped tonnage or hot-rolled denominator. Rounded23Mt.",nucor-footprint.json
nucor,N05,Enterprise energy and electricity,total_GJ,170044000,GJ and percent,2025,"All steel mills, DRI, DJJ and product divisions",Primarily North America; company-wide boundaries include Trinidad DRI when stated,https://indd.adobe.com/view/publication/cc4a577c-36f1-4ae0-a823-7e9f3f547ca5/4a1d/publication-web-resources/pdf/2025_Sustainability_Report.pdf,"44, Enterprise Total Energy Consumption",reported including company estimates,Not independently established,"Estimates for unavailable facility data. Fuel+electricity exactly=total. Electricity=18,398,333.333MWh. Renewable and carbon-free overlap; cannot add17+42.",nucor-footprint.json
nucor,N05,Enterprise energy and electricity,fuel_GJ,103810000,GJ and percent,2025,"All steel mills, DRI, DJJ and product divisions",Primarily North America; company-wide boundaries include Trinidad DRI when stated,https://indd.adobe.com/view/publication/cc4a577c-36f1-4ae0-a823-7e9f3f547ca5/4a1d/publication-web-resources/pdf/2025_Sustainability_Report.pdf,"44, Enterprise Total Energy Consumption",reported including company estimates,Not independently established,"Estimates for unavailable facility data. Fuel+electricity exactly=total. Electricity=18,398,333.333MWh. Renewable and carbon-free overlap; cannot add17+42.",nucor-footprint.json
nucor,N05,Enterprise energy and electricity,electricity_GJ,66234000,GJ and percent,2025,"All steel mills, DRI, DJJ and product divisions",Primarily North America; company-wide boundaries include Trinidad DRI when stated,https://indd.adobe.com/view/publication/cc4a577c-36f1-4ae0-a823-7e9f3f547ca5/4a1d/publication-web-resources/pdf/2025_Sustainability_Report.pdf,"44, Enterprise Total Energy Consumption",reported including company estimates,Not independently established,"Estimates for unavailable facility data. Fuel+electricity exactly=total. Electricity=18,398,333.333MWh. Renewable and carbon-free overlap; cannot add17+42.",nucor-footprint.json
nucor,N05,Enterprise energy and electricity,fuel_natural_gas_percent,83,GJ and percent,2025,"All steel mills, DRI, DJJ and product divisions",Primarily North America; company-wide boundaries include Trinidad DRI when stated,https://indd.adobe.com/view/publication/cc4a577c-36f1-4ae0-a823-7e9f3f547ca5/4a1d/publication-web-resources/pdf/2025_Sustainability_Report.pdf,"44, Enterprise Total Energy Consumption",reported including company estimates,Not independently established,"Estimates for unavailable facility data. Fuel+electricity exactly=total. Electricity=18,398,333.333MWh. Renewable and carbon-free overlap; cannot add17+42.",nucor-footprint.json
nucor,N05,Enterprise energy and electricity,fuel_renewable_percent,0,GJ and percent,2025,"All steel mills, DRI, DJJ and product divisions",Primarily North America; company-wide boundaries include Trinidad DRI when stated,https://indd.adobe.com/view/publication/cc4a577c-36f1-4ae0-a823-7e9f3f547ca5/4a1d/publication-web-resources/pdf/2025_Sustainability_Report.pdf,"44, Enterprise Total Energy Consumption",reported including company estimates,Not independently established,"Estimates for unavailable facility data. Fuel+electricity exactly=total. Electricity=18,398,333.333MWh. Renewable and carbon-free overlap; cannot add17+42.",nucor-footprint.json
nucor,N05,Enterprise energy and electricity,electricity_renewable_percent,17,GJ and percent,2025,"All steel mills, DRI, DJJ and product divisions",Primarily North America; company-wide boundaries include Trinidad DRI when stated,https://indd.adobe.com/view/publication/cc4a577c-36f1-4ae0-a823-7e9f3f547ca5/4a1d/publication-web-resources/pdf/2025_Sustainability_Report.pdf,"44, Enterprise Total Energy Consumption",reported including company estimates,Not independently established,"Estimates for unavailable facility data. Fuel+electricity exactly=total. Electricity=18,398,333.333MWh. Renewable and carbon-free overlap; cannot add17+42.",nucor-footprint.json
nucor,N05,Enterprise energy and electricity,electricity_carbon_free_percent,42,GJ and percent,2025,"All steel mills, DRI, DJJ and product divisions",Primarily North America; company-wide boundaries include Trinidad DRI when stated,https://indd.adobe.com/view/publication/cc4a577c-36f1-4ae0-a823-7e9f3f547ca5/4a1d/publication-web-resources/pdf/2025_Sustainability_Report.pdf,"44, Enterprise Total Energy Consumption",reported including company estimates,Not independently established,"Estimates for unavailable facility data. Fuel+electricity exactly=total. Electricity=18,398,333.333MWh. Renewable and carbon-free overlap; cannot add17+42.",nucor-footprint.json
nucor,N06,Steel-mill energy and fuel,total_energy_GJ,119914000,GJ; percent; GJ/metric tonne,2025,Steel Mills segment; excludes Steel Products and Raw Materials,Primarily North America; company-wide boundaries include Trinidad DRI when stated,https://indd.adobe.com/view/publication/6d377ab4-2e50-4f66-95a6-c80d5be2b416/hwsy/publication-web-resources/pdf/SASB.pdf,"6, EM-IS-130a.1/.2; CSR44 intensity",reported,Not independently established,"Residual total minus fuel=61,187,000GJ=16,996,388.889MWh, a DERIVED electricity estimate;51% rounded gives different61,156,140GJ.119.914m/23m=5.21365GJ/t consistent with5.22 at rounded production. Do not apply enterprise mix to mills without evidence.",nucor-footprint.json
nucor,N06,Steel-mill energy and fuel,grid_electricity_percent,51,GJ; percent; GJ/metric tonne,2025,Steel Mills segment; excludes Steel Products and Raw Materials,Primarily North America; company-wide boundaries include Trinidad DRI when stated,https://indd.adobe.com/view/publication/6d377ab4-2e50-4f66-95a6-c80d5be2b416/hwsy/publication-web-resources/pdf/SASB.pdf,"6, EM-IS-130a.1/.2; CSR44 intensity",reported,Not independently established,"Residual total minus fuel=61,187,000GJ=16,996,388.889MWh, a DERIVED electricity estimate;51% rounded gives different61,156,140GJ.119.914m/23m=5.21365GJ/t consistent with5.22 at rounded production. Do not apply enterprise mix to mills without evidence.",nucor-footprint.json
nucor,N06,Steel-mill energy and fuel,renewable_percent,4,GJ; percent; GJ/metric tonne,2025,Steel Mills segment; excludes Steel Products and Raw Materials,Primarily North America; company-wide boundaries include Trinidad DRI when stated,https://indd.adobe.com/view/publication/6d377ab4-2e50-4f66-95a6-c80d5be2b416/hwsy/publication-web-resources/pdf/SASB.pdf,"6, EM-IS-130a.1/.2; CSR44 intensity",reported,Not independently established,"Residual total minus fuel=61,187,000GJ=16,996,388.889MWh, a DERIVED electricity estimate;51% rounded gives different61,156,140GJ.119.914m/23m=5.21365GJ/t consistent with5.22 at rounded production. Do not apply enterprise mix to mills without evidence.",nucor-footprint.json
nucor,N06,Steel-mill energy and fuel,fuel_GJ,58727000,GJ; percent; GJ/metric tonne,2025,Steel Mills segment; excludes Steel Products and Raw Materials,Primarily North America; company-wide boundaries include Trinidad DRI when stated,https://indd.adobe.com/view/publication/6d377ab4-2e50-4f66-95a6-c80d5be2b416/hwsy/publication-web-resources/pdf/SASB.pdf,"6, EM-IS-130a.1/.2; CSR44 intensity",reported,Not independently established,"Residual total minus fuel=61,187,000GJ=16,996,388.889MWh, a DERIVED electricity estimate;51% rounded gives different61,156,140GJ.119.914m/23m=5.21365GJ/t consistent with5.22 at rounded production. Do not apply enterprise mix to mills without evidence.",nucor-footprint.json
nucor,N06,Steel-mill energy and fuel,fuel_coal_percent,24,GJ; percent; GJ/metric tonne,2025,Steel Mills segment; excludes Steel Products and Raw Materials,Primarily North America; company-wide boundaries include Trinidad DRI when stated,https://indd.adobe.com/view/publication/6d377ab4-2e50-4f66-95a6-c80d5be2b416/hwsy/publication-web-resources/pdf/SASB.pdf,"6, EM-IS-130a.1/.2; CSR44 intensity",reported,Not independently established,"Residual total minus fuel=61,187,000GJ=16,996,388.889MWh, a DERIVED electricity estimate;51% rounded gives different61,156,140GJ.119.914m/23m=5.21365GJ/t consistent with5.22 at rounded production. Do not apply enterprise mix to mills without evidence.",nucor-footprint.json
nucor,N06,Steel-mill energy and fuel,fuel_natural_gas_percent,71,GJ; percent; GJ/metric tonne,2025,Steel Mills segment; excludes Steel Products and Raw Materials,Primarily North America; company-wide boundaries include Trinidad DRI when stated,https://indd.adobe.com/view/publication/6d377ab4-2e50-4f66-95a6-c80d5be2b416/hwsy/publication-web-resources/pdf/SASB.pdf,"6, EM-IS-130a.1/.2; CSR44 intensity",reported,Not independently established,"Residual total minus fuel=61,187,000GJ=16,996,388.889MWh, a DERIVED electricity estimate;51% rounded gives different61,156,140GJ.119.914m/23m=5.21365GJ/t consistent with5.22 at rounded production. Do not apply enterprise mix to mills without evidence.",nucor-footprint.json
nucor,N06,Steel-mill energy and fuel,reported_intensity_GJ_per_t,5.22,GJ; percent; GJ/metric tonne,2025,Steel Mills segment; excludes Steel Products and Raw Materials,Primarily North America; company-wide boundaries include Trinidad DRI when stated,https://indd.adobe.com/view/publication/6d377ab4-2e50-4f66-95a6-c80d5be2b416/hwsy/publication-web-resources/pdf/SASB.pdf,"6, EM-IS-130a.1/.2; CSR44 intensity",reported,Not independently established,"Residual total minus fuel=61,187,000GJ=16,996,388.889MWh, a DERIVED electricity estimate;51% rounded gives different61,156,140GJ.119.914m/23m=5.21365GJ/t consistent with5.22 at rounded production. Do not apply enterprise mix to mills without evidence.",nucor-footprint.json
nucor,N07,Scrap and virgin iron feedstock,scrap_recycled_net_short_tons,22500000,"mixed: net/short tons, gross/long tons, metric tonnes",2025,Scrap recycling total company; pig iron received; own Trinidad/Louisiana DRI supplied internally to mills,Primarily North America; company-wide boundaries include Trinidad DRI when stated,https://s202.q4cdn.com/531038915/files/doc_financials/2025/ar/a1091887-5d3b-4cc2-b1c5-7623695cc1b5.pdf,1;11-12 Raw Materials; SASB2,reported,Not independently established,"22.5m net tons from SASB2, approximately20m gross tons in10K1.1short ton=0.90718474t;1gross/long ton=1.0160469088t. Scrap22.5m short=20.41165665Mt;20m gross=20.320938176Mt, consistent rough rounding. Pig iron >2.032093818Mt. Receipts/recycling are not exact consumed charge quantities. 10K11 says roughly1.1tons scrap+substitutes per ton steel; no per-grade breakdown.",nucor-footprint.json
nucor,N07,Scrap and virgin iron feedstock,pig_iron_received_gross_long_tons_lower_bound,2000000,"mixed: net/short tons, gross/long tons, metric tonnes",2025,Scrap recycling total company; pig iron received; own Trinidad/Louisiana DRI supplied internally to mills,Primarily North America; company-wide boundaries include Trinidad DRI when stated,https://s202.q4cdn.com/531038915/files/doc_financials/2025/ar/a1091887-5d3b-4cc2-b1c5-7623695cc1b5.pdf,1;11-12 Raw Materials; SASB2,reported,Not independently established,"22.5m net tons from SASB2, approximately20m gross tons in10K1.1short ton=0.90718474t;1gross/long ton=1.0160469088t. Scrap22.5m short=20.41165665Mt;20m gross=20.320938176Mt, consistent rough rounding. Pig iron >2.032093818Mt. Receipts/recycling are not exact consumed charge quantities. 10K11 says roughly1.1tons scrap+substitutes per ton steel; no per-grade breakdown.",nucor-footprint.json
nucor,N07,Scrap and virgin iron feedstock,DRI_supplied_to_mills_metric_tonnes,3370000,"mixed: net/short tons, gross/long tons, metric tonnes",2025,Scrap recycling total company; pig iron received; own Trinidad/Louisiana DRI supplied internally to mills,Primarily North America; company-wide boundaries include Trinidad DRI when stated,https://s202.q4cdn.com/531038915/files/doc_financials/2025/ar/a1091887-5d3b-4cc2-b1c5-7623695cc1b5.pdf,1;11-12 Raw Materials; SASB2,reported,Not independently established,"22.5m net tons from SASB2, approximately20m gross tons in10K1.1short ton=0.90718474t;1gross/long ton=1.0160469088t. Scrap22.5m short=20.41165665Mt;20m gross=20.320938176Mt, consistent rough rounding. Pig iron >2.032093818Mt. Receipts/recycling are not exact consumed charge quantities. 10K11 says roughly1.1tons scrap+substitutes per ton steel; no per-grade breakdown.",nucor-footprint.json
nucor,N08,Enterprise water flows,freshwater_withdrawal_m3,41300000,m3 and percent,2025,"Process water, steel mills, DRI and product divisions; unavailable data estimated",Primarily North America; company-wide boundaries include Trinidad DRI when stated,https://indd.adobe.com/view/publication/cc4a577c-36f1-4ae0-a823-7e9f3f547ca5/4a1d/publication-web-resources/pdf/2025_Sustainability_Report.pdf,50 Enterprise Water Consumption & Discharge,reported including company estimates,Not independently established,"Withdrawals-discharge=24m m3 DERIVED apparent net use, not a separately measured reported consumption number; storage/other boundary adjustments unavailable. Withdrawal shares sum100%. Recycling is internal circulation, not new water supply.",nucor-footprint.json
nucor,N08,Enterprise water flows,discharge_m3,17300000,m3 and percent,2025,"Process water, steel mills, DRI and product divisions; unavailable data estimated",Primarily North America; company-wide boundaries include Trinidad DRI when stated,https://indd.adobe.com/view/publication/cc4a577c-36f1-4ae0-a823-7e9f3f547ca5/4a1d/publication-web-resources/pdf/2025_Sustainability_Report.pdf,50 Enterprise Water Consumption & Discharge,reported including company estimates,Not independently established,"Withdrawals-discharge=24m m3 DERIVED apparent net use, not a separately measured reported consumption number; storage/other boundary adjustments unavailable. Withdrawal shares sum100%. Recycling is internal circulation, not new water supply.",nucor-footprint.json
nucor,N08,Enterprise water flows,surface_freshwater_withdrawal_percent,24,m3 and percent,2025,"Process water, steel mills, DRI and product divisions; unavailable data estimated",Primarily North America; company-wide boundaries include Trinidad DRI when stated,https://indd.adobe.com/view/publication/cc4a577c-36f1-4ae0-a823-7e9f3f547ca5/4a1d/publication-web-resources/pdf/2025_Sustainability_Report.pdf,50 Enterprise Water Consumption & Discharge,reported including company estimates,Not independently established,"Withdrawals-discharge=24m m3 DERIVED apparent net use, not a separately measured reported consumption number; storage/other boundary adjustments unavailable. Withdrawal shares sum100%. Recycling is internal circulation, not new water supply.",nucor-footprint.json
nucor,N08,Enterprise water flows,renewable_groundwater_percent,41,m3 and percent,2025,"Process water, steel mills, DRI and product divisions; unavailable data estimated",Primarily North America; company-wide boundaries include Trinidad DRI when stated,https://indd.adobe.com/view/publication/cc4a577c-36f1-4ae0-a823-7e9f3f547ca5/4a1d/publication-web-resources/pdf/2025_Sustainability_Report.pdf,50 Enterprise Water Consumption & Discharge,reported including company estimates,Not independently established,"Withdrawals-discharge=24m m3 DERIVED apparent net use, not a separately measured reported consumption number; storage/other boundary adjustments unavailable. Withdrawal shares sum100%. Recycling is internal circulation, not new water supply.",nucor-footprint.json
nucor,N08,Enterprise water flows,nonrenewable_groundwater_percent,12,m3 and percent,2025,"Process water, steel mills, DRI and product divisions; unavailable data estimated",Primarily North America; company-wide boundaries include Trinidad DRI when stated,https://indd.adobe.com/view/publication/cc4a577c-36f1-4ae0-a823-7e9f3f547ca5/4a1d/publication-web-resources/pdf/2025_Sustainability_Report.pdf,50 Enterprise Water Consumption & Discharge,reported including company estimates,Not independently established,"Withdrawals-discharge=24m m3 DERIVED apparent net use, not a separately measured reported consumption number; storage/other boundary adjustments unavailable. Withdrawal shares sum100%. Recycling is internal circulation, not new water supply.",nucor-footprint.json
nucor,N08,Enterprise water flows,third_party_withdrawal_percent,23,m3 and percent,2025,"Process water, steel mills, DRI and product divisions; unavailable data estimated",Primarily North America; company-wide boundaries include Trinidad DRI when stated,https://indd.adobe.com/view/publication/cc4a577c-36f1-4ae0-a823-7e9f3f547ca5/4a1d/publication-web-resources/pdf/2025_Sustainability_Report.pdf,50 Enterprise Water Consumption & Discharge,reported including company estimates,Not independently established,"Withdrawals-discharge=24m m3 DERIVED apparent net use, not a separately measured reported consumption number; storage/other boundary adjustments unavailable. Withdrawal shares sum100%. Recycling is internal circulation, not new water supply.",nucor-footprint.json
nucor,N08,Enterprise water flows,enterprise_recycled_percent,69,m3 and percent,2025,"Process water, steel mills, DRI and product divisions; unavailable data estimated",Primarily North America; company-wide boundaries include Trinidad DRI when stated,https://indd.adobe.com/view/publication/cc4a577c-36f1-4ae0-a823-7e9f3f547ca5/4a1d/publication-web-resources/pdf/2025_Sustainability_Report.pdf,50 Enterprise Water Consumption & Discharge,reported including company estimates,Not independently established,"Withdrawals-discharge=24m m3 DERIVED apparent net use, not a separately measured reported consumption number; storage/other boundary adjustments unavailable. Withdrawal shares sum100%. Recycling is internal circulation, not new water supply.",nucor-footprint.json
nucor,N09,Steel-mill water pressure,withdrawal_m3,30000000,m3; percent; m3/metric tonne,2025,Steel mills; stress based on WRI Aqueduct4.0 location assessment,Primarily North America; company-wide boundaries include Trinidad DRI when stated,https://indd.adobe.com/view/publication/6d377ab4-2e50-4f66-95a6-c80d5be2b416/hwsy/publication-web-resources/pdf/SASB.pdf,7 EM-IS-140a.1; CSR50,reported,Not independently established,"CSR splits high6%,extremely high16%. Rounded30m/23m=1.3043m3/t vs reported1.297; use reported intensity, do not force exact reconciliation. Stress% is operations, not volume-weighted water exposure.",nucor-footprint.json
nucor,N09,Steel-mill water pressure,recycled_percent,83,m3; percent; m3/metric tonne,2025,Steel mills; stress based on WRI Aqueduct4.0 location assessment,Primarily North America; company-wide boundaries include Trinidad DRI when stated,https://indd.adobe.com/view/publication/6d377ab4-2e50-4f66-95a6-c80d5be2b416/hwsy/publication-web-resources/pdf/SASB.pdf,7 EM-IS-140a.1; CSR50,reported,Not independently established,"CSR splits high6%,extremely high16%. Rounded30m/23m=1.3043m3/t vs reported1.297; use reported intensity, do not force exact reconciliation. Stress% is operations, not volume-weighted water exposure.",nucor-footprint.json
nucor,N09,Steel-mill water pressure,high_or_extremely_high_water_stress_operations_percent,22,m3; percent; m3/metric tonne,2025,Steel mills; stress based on WRI Aqueduct4.0 location assessment,Primarily North America; company-wide boundaries include Trinidad DRI when stated,https://indd.adobe.com/view/publication/6d377ab4-2e50-4f66-95a6-c80d5be2b416/hwsy/publication-web-resources/pdf/SASB.pdf,7 EM-IS-140a.1; CSR50,reported,Not independently established,"CSR splits high6%,extremely high16%. Rounded30m/23m=1.3043m3/t vs reported1.297; use reported intensity, do not force exact reconciliation. Stress% is operations, not volume-weighted water exposure.",nucor-footprint.json
nucor,N09,Steel-mill water pressure,withdrawal_intensity_m3_per_t,1.297,m3; percent; m3/metric tonne,2025,Steel mills; stress based on WRI Aqueduct4.0 location assessment,Primarily North America; company-wide boundaries include Trinidad DRI when stated,https://indd.adobe.com/view/publication/6d377ab4-2e50-4f66-95a6-c80d5be2b416/hwsy/publication-web-resources/pdf/SASB.pdf,7 EM-IS-140a.1; CSR50,reported,Not independently established,"CSR splits high6%,extremely high16%. Rounded30m/23m=1.3043m3/t vs reported1.297; use reported intensity, do not force exact reconciliation. Stress% is operations, not volume-weighted water exposure.",nucor-footprint.json
nucor,N10,Enterprise and scrap-group waste,enterprise_total_tons,1279000,tons as reported; exact short/metric basis unconfirmed; percent,2025,"Enterprise=steel mills,DRI,products; scrap/DJJ separate; combined covers>95% company waste, DJJ table>90% segment",Primarily North America; company-wide boundaries include Trinidad DRI when stated,https://indd.adobe.com/view/publication/cc4a577c-36f1-4ae0-a823-7e9f3f547ca5/4a1d/publication-web-resources/pdf/2025_Sustainability_Report.pdf,48 Enterprise Waste and Scrap Recycling Group,reported including company estimates,Not independently established,"Hazardous+nonhazardous=1,278,000, 1,000below roundedtotal. Company estimates missing facility data. Avoid metric conversion until ton basis confirmed. Beneficial reuse not same endpoint as recycling; no avoided-impact credit.",nucor-footprint.json
nucor,N10,Enterprise and scrap-group waste,hazardous_tons,434000,tons as reported; exact short/metric basis unconfirmed; percent,2025,"Enterprise=steel mills,DRI,products; scrap/DJJ separate; combined covers>95% company waste, DJJ table>90% segment",Primarily North America; company-wide boundaries include Trinidad DRI when stated,https://indd.adobe.com/view/publication/cc4a577c-36f1-4ae0-a823-7e9f3f547ca5/4a1d/publication-web-resources/pdf/2025_Sustainability_Report.pdf,48 Enterprise Waste and Scrap Recycling Group,reported including company estimates,Not independently established,"Hazardous+nonhazardous=1,278,000, 1,000below roundedtotal. Company estimates missing facility data. Avoid metric conversion until ton basis confirmed. Beneficial reuse not same endpoint as recycling; no avoided-impact credit.",nucor-footprint.json
nucor,N10,Enterprise and scrap-group waste,nonhazardous_tons,844000,tons as reported; exact short/metric basis unconfirmed; percent,2025,"Enterprise=steel mills,DRI,products; scrap/DJJ separate; combined covers>95% company waste, DJJ table>90% segment",Primarily North America; company-wide boundaries include Trinidad DRI when stated,https://indd.adobe.com/view/publication/cc4a577c-36f1-4ae0-a823-7e9f3f547ca5/4a1d/publication-web-resources/pdf/2025_Sustainability_Report.pdf,48 Enterprise Waste and Scrap Recycling Group,reported including company estimates,Not independently established,"Hazardous+nonhazardous=1,278,000, 1,000below roundedtotal. Company estimates missing facility data. Avoid metric conversion until ton basis confirmed. Beneficial reuse not same endpoint as recycling; no avoided-impact credit.",nucor-footprint.json
nucor,N10,Enterprise and scrap-group waste,enterprise_recycled_percent,55,tons as reported; exact short/metric basis unconfirmed; percent,2025,"Enterprise=steel mills,DRI,products; scrap/DJJ separate; combined covers>95% company waste, DJJ table>90% segment",Primarily North America; company-wide boundaries include Trinidad DRI when stated,https://indd.adobe.com/view/publication/cc4a577c-36f1-4ae0-a823-7e9f3f547ca5/4a1d/publication-web-resources/pdf/2025_Sustainability_Report.pdf,48 Enterprise Waste and Scrap Recycling Group,reported including company estimates,Not independently established,"Hazardous+nonhazardous=1,278,000, 1,000below roundedtotal. Company estimates missing facility data. Avoid metric conversion until ton basis confirmed. Beneficial reuse not same endpoint as recycling; no avoided-impact credit.",nucor-footprint.json
nucor,N10,Enterprise and scrap-group waste,enterprise_landfilled_percent,45,tons as reported; exact short/metric basis unconfirmed; percent,2025,"Enterprise=steel mills,DRI,products; scrap/DJJ separate; combined covers>95% company waste, DJJ table>90% segment",Primarily North America; company-wide boundaries include Trinidad DRI when stated,https://indd.adobe.com/view/publication/cc4a577c-36f1-4ae0-a823-7e9f3f547ca5/4a1d/publication-web-resources/pdf/2025_Sustainability_Report.pdf,48 Enterprise Waste and Scrap Recycling Group,reported including company estimates,Not independently established,"Hazardous+nonhazardous=1,278,000, 1,000below roundedtotal. Company estimates missing facility data. Avoid metric conversion until ton basis confirmed. Beneficial reuse not same endpoint as recycling; no avoided-impact credit.",nucor-footprint.json
nucor,N10,Enterprise and scrap-group waste,scrap_group_nonhazardous_tons,1123000,tons as reported; exact short/metric basis unconfirmed; percent,2025,"Enterprise=steel mills,DRI,products; scrap/DJJ separate; combined covers>95% company waste, DJJ table>90% segment",Primarily North America; company-wide boundaries include Trinidad DRI when stated,https://indd.adobe.com/view/publication/cc4a577c-36f1-4ae0-a823-7e9f3f547ca5/4a1d/publication-web-resources/pdf/2025_Sustainability_Report.pdf,48 Enterprise Waste and Scrap Recycling Group,reported including company estimates,Not independently established,"Hazardous+nonhazardous=1,278,000, 1,000below roundedtotal. Company estimates missing facility data. Avoid metric conversion until ton basis confirmed. Beneficial reuse not same endpoint as recycling; no avoided-impact credit.",nucor-footprint.json
nucor,N10,Enterprise and scrap-group waste,scrap_group_beneficial_reuse_percent,100,tons as reported; exact short/metric basis unconfirmed; percent,2025,"Enterprise=steel mills,DRI,products; scrap/DJJ separate; combined covers>95% company waste, DJJ table>90% segment",Primarily North America; company-wide boundaries include Trinidad DRI when stated,https://indd.adobe.com/view/publication/cc4a577c-36f1-4ae0-a823-7e9f3f547ca5/4a1d/publication-web-resources/pdf/2025_Sustainability_Report.pdf,48 Enterprise Waste and Scrap Recycling Group,reported including company estimates,Not independently established,"Hazardous+nonhazardous=1,278,000, 1,000below roundedtotal. Company estimates missing facility data. Avoid metric conversion until ton basis confirmed. Beneficial reuse not same endpoint as recycling; no avoided-impact credit.",nucor-footprint.json
nucor,N11,Steel-mill waste,waste_t,1080000,t per SASB; precise ton basis not explicit in table,2025,Steel mills only,Primarily North America; company-wide boundaries include Trinidad DRI when stated,https://indd.adobe.com/view/publication/6d377ab4-2e50-4f66-95a6-c80d5be2b416/hwsy/publication-web-resources/pdf/SASB.pdf,7 EM-IS-150a.1,reported,Not independently established,SASB narrative says ~99% of slag+baghouse dust recycled but table total waste recycling57%; classifications/boundary require reconciliation. Do not infer99% of all waste or universal recycling opportunity.,nucor-footprint.json
nucor,N11,Steel-mill waste,hazardous_percent,36,t per SASB; precise ton basis not explicit in table,2025,Steel mills only,Primarily North America; company-wide boundaries include Trinidad DRI when stated,https://indd.adobe.com/view/publication/6d377ab4-2e50-4f66-95a6-c80d5be2b416/hwsy/publication-web-resources/pdf/SASB.pdf,7 EM-IS-150a.1,reported,Not independently established,SASB narrative says ~99% of slag+baghouse dust recycled but table total waste recycling57%; classifications/boundary require reconciliation. Do not infer99% of all waste or universal recycling opportunity.,nucor-footprint.json
nucor,N11,Steel-mill waste,recycled_percent,57,t per SASB; precise ton basis not explicit in table,2025,Steel mills only,Primarily North America; company-wide boundaries include Trinidad DRI when stated,https://indd.adobe.com/view/publication/6d377ab4-2e50-4f66-95a6-c80d5be2b416/hwsy/publication-web-resources/pdf/SASB.pdf,7 EM-IS-150a.1,reported,Not independently established,SASB narrative says ~99% of slag+baghouse dust recycled but table total waste recycling57%; classifications/boundary require reconciliation. Do not infer99% of all waste or universal recycling opportunity.,nucor-footprint.json
